"Name","STN","pVal"
"AT3G19170.1","-4.322","0"
"AT2G39800.1","2.3558","5e-04"
"AT1G29150.1","1.7393","0.003"
"AT5G08540.1","-1.7393","0.0031"
"AT5G46290.1","1.7194","0.0032"
"AT3G47470.1","-1.5992","0.0048"
"AT5G01530.1","-1.5953","0.0048"
"AT5G15450.1","1.532","0.0059"
"AT5G26000.1","1.5046","0.0063"
"AT2G22125.1","-1.465","0.0072"
"AT5G41670.1","1.454","0.0075"
"AT4G39800.1","1.4344","0.0078"
"AT3G46970.1","1.4308","0.0082"
"AT5G62790.1","1.4265","0.0082"
"AT1G69740.1","1.4232","0.0083"
"AT5G14780.1","1.4118","0.0084"
"AT1G65260.1","-1.4089","0.0084"
"sum137","1.4022","0.0086"
"AT5G33320.1","-1.4019","0.0087"
"AT3G22890.1","1.399","0.0087"
"AT1G57720.1","1.3927","0.0088"
"sum106","1.3872","0.0089"
"AT4G20850.1","1.368","0.0092"
"AT1G03160.1","1.3617","0.0093"
"ATCG01130.1","-1.3617","0.0096"
"AT1G32080.1","-1.3583","0.0096"
"AT1G69830.1","1.3495","0.01"
"sum118","1.3404","0.0102"
"sum118","1.3404","0.0102"
"AT2G44350.1","1.3404","0.0102"
"AT5G52640.1","1.3402","0.0102"
"AT5G46580.1","1.289","0.0116"
"AT1G12310.1","-1.289","0.0122"
"ATCG00540.1","-1.2832","0.0123"
"AT5G63420.1","1.2761","0.0125"
"AT5G13420.1","1.2751","0.0127"
"AT5G38430.1","-1.2716","0.0128"
"ATCG00270.1","-1.27","0.0128"
"AT3G48000.1","1.2697","0.0129"
"AT1G62180.1","1.2695","0.0129"
"AT5G09590.1","1.2583","0.0132"
"AT4G11420.1","-1.2558","0.0133"
"sum201","-1.2457","0.0136"
"sum140","1.2377","0.0138"
"AT5G46110.1","-1.2364","0.0139"
"AT3G05590.1","1.2276","0.0142"
"AT2G33150.1","1.2234","0.0144"
"sum86","1.2127","0.0148"
"AT5G47770.1","1.2127","0.0148"
"AT4G17830.1","1.2127","0.0148"
"AT3G54400.1","1.2127","0.0148"
"AT5G48880.1","1.1755","0.0166"
"AT3G44310.1","-1.1709","0.0168"
"AT5G67030.1","1.1577","0.0175"
"AT5G16970.1","1.1542","0.0177"
"AT5G43940.1","1.1481","0.0179"
"AT5G28500.1","1.1481","0.0179"
"AT5G42650.1","1.1468","0.0179"
"AT4G33090.1","1.1362","0.0183"
"sum119","1.1357","0.0184"
"AT4G33030.1","1.1324","0.0185"
"AT3G14990.1","1.1324","0.0185"
"AT4G25100.1","1.1324","0.0185"
"AT3G18080.1","-1.1324","0.0195"
"AT1G29880.1","1.1209","0.0201"
"AT2G22780.1","-1.1176","0.0202"
"AT5G49650.1","1.1145","0.0203"
"AT5G07440.1","1.1075","0.021"
"AT4G38220.1","1.1067","0.021"
"AT5G64290.1","-1.1067","0.021"
"AT5G43330.1","1.0906","0.022"
"AT5G23010.1","1.0877","0.022"
"AT1G59870.1","-1.0848","0.0222"
"sum28","1.0779","0.0224"
"AT4G14040.1","1.0771","0.0224"
"AT4G34670.1","-1.0773","0.0224"
"AT4G37980.1","1.0751","0.0225"
"AT3G56150.1","-1.0751","0.0226"
"AT2G31670.1","1.0689","0.0229"
"AT3G04550.1","1.0689","0.0229"
"AT5G04740.1","1.0669","0.0231"
"AT1G08380.1","-1.0649","0.0235"
"AT3G18890.1","-1.0622","0.0238"
"AT1G66430.1","1.0605","0.0238"
"AT1G31230.1","1.0545","0.0241"
"AT4G28080.1","-1.0549","0.0241"
"AT3G43600.1","1.0476","0.0244"
"sum113","1.0476","0.0244"
"AT1G76680.1","1.0476","0.0244"
"AT2G40660.1","1.0476","0.0244"
"AT2G25830.1","-1.0476","0.0258"
"AT1G76810.1","-1.0476","0.0258"
"sum72","-1.0476","0.0258"
"ATCG01090.1","-1.0476","0.0258"
"AT4G38460.1","-1.0476","0.0258"
"AT1G45201.1","-1.0476","0.0258"
"AT1G76180.1","-1.0476","0.0258"
"AT3G01910.1","1.0439","0.026"
"AT4G13200.1","-1.0439","0.0262"
"AT5G13980.1","1.0393","0.0264"
"AT5G40450.1","-1.0375","0.0267"
"AT1G16720.1","1.0298","0.0271"
"AT4G10480.1","-1.0298","0.0272"
"AT5G26570.1","1.026","0.0274"
"AT1G09630.1","1.0146","0.028"
"AT1G50200.1","1.0136","0.028"
"AT2G25450.1","1.0133","0.0281"
"AT3G05900.1","1.0091","0.0283"
"ATCG01100.1","-1.0091","0.0283"
"AT5G19220.1","1.0077","0.0283"
"AT1G64790.1","-1.0058","0.0285"
"AT1G26630.1","1.0044","0.0285"
"sum208","1.0017","0.0286"
"AT3G08030.1","1.0003","0.0287"
"AT1G62020.1","1.0001","0.0288"
"AT3G54890.1","-0.9994","0.0289"
"AT1G53310.1","0.9978","0.0289"
"AT5G66190.1","-0.9954","0.0291"
"AT2G36250.1","0.9942","0.0292"
"AT5G55220.1","0.9939","0.0292"
"AT5G60640.1","0.9931","0.0292"
"sum33","0.9908","0.0294"
"AT3G54660.1","0.9906","0.0295"
"AT1G60710.1","0.9906","0.0295"
"AT1G74910.1","0.9906","0.0295"
"AT4G03280.1","-0.9838","0.03"
"AT4G18810.1","0.9798","0.0302"
"AT5G12860.1","-0.9787","0.0304"
"AT5G51970.1","0.9741","0.0309"
"AT2G04030.1","0.9732","0.0312"
"AT1G48600.1","0.9711","0.0315"
"AT2G35490.1","0.9621","0.0318"
"AT1G09795.1","0.959","0.0322"
"AT4G31390.1","0.9576","0.0322"
"AT5G04360.1","0.9576","0.0322"
"AT1G32200.1","0.9576","0.0322"
"AT5G60160.1","0.9576","0.0322"
"AT3G16950.1","0.9576","0.0322"
"sum62","0.9576","0.0322"
"AT5G55710.1","-0.9576","0.0343"
"AT2G36060.1","-0.9576","0.0343"
"AT2G18710.1","-0.9576","0.0343"
"AT4G11220.1","-0.9576","0.0343"
"AT2G38170.1","-0.9576","0.0343"
"sum115","0.9543","0.0343"
"AT2G19860.1","0.951","0.0346"
"AT4G37910.1","0.9494","0.0346"
"AT3G57290.1","0.9448","0.0349"
"AT3G63520.1","0.9448","0.0349"
"AT1G74920.1","0.9423","0.0351"
"AT5G60600.1","0.9394","0.0353"
"AT3G02360.1","0.9306","0.0359"
"AT5G26742.1","0.9288","0.0364"
"AT4G13930.1","0.9182","0.0372"
"AT1G13320.1","0.9149","0.0376"
"AT1G36160.1","-0.9141","0.0376"
"AT4G35450.1","0.9141","0.0376"
"AT3G57610.1","0.9141","0.0376"
"AT4G24620.1","0.9134","0.0377"
"AT2G30520.1","0.9105","0.0378"
"sum95","0.9073","0.0388"
"AT3G23990.1","0.9064","0.0389"
"AT4G32520.1","0.9055","0.039"
"AT1G08200.1","0.9051","0.0392"
"AT2G22230.1","-0.8994","0.0401"
"AT5G09810.1","0.8994","0.0401"
"AT1G30360.1","-0.8936","0.0406"
"AT2G40100.1","-0.893","0.0407"
"AT5G03300.1","0.8918","0.0408"
"AT4G04040.1","0.891","0.0409"
"AT3G08590.1","0.8887","0.041"
"sum127","0.8877","0.041"
"AT3G56070.1","0.8875","0.041"
"AT3G42050.1","0.8875","0.041"
"AT1G08520.1","0.8872","0.0412"
"AT1G01320.1","-0.8849","0.0415"
"AT3G04840.1","-0.8797","0.0422"
"AT4G17560.1","0.879","0.0422"
"AT4G39710.1","-0.8725","0.0426"
"AT3G19760.1","0.8714","0.0426"
"AT2G36880.1","0.8711","0.0426"
"AT3G22200.1","0.8688","0.0428"
"AT5G10920.1","0.8688","0.0428"
"AT1G65960.2","0.8671","0.0431"
"AT1G12270.1","0.8615","0.0437"
"AT1G48850.1","0.8615","0.0437"
"AT2G05830.1","0.8615","0.0437"
"AT4G12830.1","0.8615","0.0437"
"AT1G52000.1","0.8615","0.0437"
"AT5G48960.1","0.8615","0.0437"
"AT1G08550.1","0.8615","0.0437"
"AT3G59020.1","0.8615","0.0437"
"sum120","-0.8615","0.045"
"AT1G68680.1","-0.8615","0.045"
"AT3G21200.1","-0.8615","0.045"
"AT3G44590.1","-0.8615","0.045"
"AT2G04400.1","-0.8615","0.045"
"AT1G37130.1","-0.8615","0.045"
"AT4G35460.1","-0.8615","0.045"
"AT1G48920.1","-0.8615","0.045"
"AT5G23250.1","-0.8615","0.045"
"AT2G26250.1","-0.8615","0.045"
"AT3G07770.1","0.8612","0.0451"
"AT1G41830.1","-0.8605","0.0452"
"ATCG01110.1","-0.855","0.0456"
"AT5G36210.1","0.851","0.0458"
"AT2G35780.1","0.851","0.0458"
"AT5G22800.1","0.8504","0.0463"
"AT3G43300.2","-0.8504","0.0464"
"AT1G32060.1","0.8489","0.0464"
"AT2G21390.1","-0.8425","0.0469"
"sum71","0.8414","0.0471"
"AT1G50480.1","0.8399","0.0474"
"sum50","0.8398","0.0474"
"AT4G19170.1","0.8384","0.0475"
"AT4G01850.1","0.8359","0.0478"
"AT5G48230.1","0.8354","0.0479"
"AT3G52560.1","0.8354","0.0479"
"AT5G39320.1","0.8312","0.0484"
"AT3G16520.3","0.8259","0.049"
"AT5G35360.1","0.8253","0.0496"
"AT1G80480.1","0.8248","0.0496"
"AT2G26900.1","-0.8248","0.0501"
"AT2G41220.1","0.8211","0.0504"
"AT5G53480.1","0.8197","0.0504"
"AT4G24280.1","0.8192","0.0505"
"AT1G47128.1","0.8162","0.0509"
"AT3G14210.1","0.8156","0.0511"
"AT1G02280.1","-0.8143","0.0512"
"AT3G25860.1","0.809","0.0518"
"sum19","-0.8063","0.0519"
"sum126","0.8065","0.0519"
"AT4G16143.1","0.8039","0.0526"
"AT1G20950.1","0.801","0.0528"
"AT5G30510.1","0.7935","0.0535"
"AT4G17300.1","0.7933","0.0535"
"AT1G20960.1","-0.7933","0.0535"
"AT1G09640.1","0.792","0.0536"
"AT4G12800.1","-0.7906","0.0537"
"AT3G09810.1","0.7899","0.0538"
"AT3G22630.1","0.7892","0.0539"
"AT1G29670.1","-0.7848","0.0543"
"AT4G38740.1","0.7854","0.0543"
"AT1G78900.1","0.7844","0.0544"
"AT3G55800.1","0.7845","0.0544"
"AT5G17770.1","-0.7835","0.0546"
"AT4G36130.1","-0.7795","0.055"
"sum11","-0.7794","0.055"
"AT4G23100.1","0.7768","0.0553"
"AT4G13940.1","0.7716","0.0558"
"AT1G14610.1","0.7675","0.0562"
"AT1G52410.1","0.7675","0.0562"
"sum57","-0.7667","0.0564"
"AT3G23940.1","0.7668","0.0565"
"AT2G36460.1","0.7663","0.0566"
"sum35","0.7658","0.0566"
"AT1G08980.1","0.7623","0.0572"
"AT5G08570.1","0.7623","0.0572"
"AT3G55400.1","0.7623","0.0572"
"AT3G55010.1","-0.7623","0.0582"
"AT2G32520.1","0.758","0.0589"
"AT1G09210.1","0.758","0.0589"
"AT1G15340.1","0.758","0.0589"
"AT5G58440.1","0.758","0.0589"
"AT3G26900.1","0.758","0.0589"
"AT4G09020.1","0.758","0.0589"
"AT1G09830.1","0.758","0.0589"
"AT3G46100.1","0.758","0.0589"
"AT1G06820.1","0.758","0.0589"
"AT1G09430.1","0.758","0.0589"
"AT3G52500.1","0.758","0.0589"
"AT1G48860.1","0.758","0.0589"
"AT5G34850.1","0.758","0.0589"
"AT5G66420.1","0.758","0.0589"
"AT4G39660.1","0.758","0.0589"
"AT4G37550.1","0.758","0.0589"
"ATCG00170.1","-0.758","0.0654"
"AT1G16460.1","-0.758","0.0654"
"AT1G63610.1","-0.758","0.0654"
"AT3G61260.1","-0.758","0.0654"
"AT2G39970.1","-0.758","0.0654"
"AT4G23890.1","-0.758","0.0654"
"ATMG00510.1","-0.758","0.0654"
"sum112","-0.758","0.0654"
"AT4G37200.1","-0.758","0.0654"
"AT1G18170.1","-0.758","0.0654"
"AT3G21865.1","-0.758","0.0654"
"AT1G30400.1","-0.758","0.0654"
"AT2G20580.1","0.7568","0.0657"
"AT4G09650.1","0.7541","0.0658"
"AT1G72370.1","0.7522","0.0659"
"AT2G34460.1","-0.7513","0.066"
"AT1G17650.1","-0.7509","0.066"
"AT5G09660.1","-0.7497","0.0662"
"AT1G20620.1","-0.7486","0.0662"
"AT3G54050.1","0.7472","0.0667"
"AT5G28840.1","0.7457","0.0667"
"sum85","0.7446","0.0668"
"sum142","-0.7446","0.0672"
"AT1G12410.1","0.7419","0.0678"
"AT5G22580.1","0.7407","0.0678"
"AT2G25970.1","0.7363","0.0691"
"AT5G06060.1","0.7363","0.0691"
"AT2G37500.1","0.7363","0.0691"
"AT4G12730.1","0.7363","0.0691"
"AT3G49560.1","0.7363","0.0691"
"AT1G08480.1","0.7363","0.0691"
"AT5G63860.1","0.7363","0.0691"
"AT5G66090.1","0.7363","0.0691"
"AT5G16715.1","0.7363","0.0691"
"AT3G52155.1","0.7363","0.0691"
"AT2G30695.1","0.7363","0.0691"
"AT4G35860.1","0.7363","0.0691"
"AT5G44720.1","0.7363","0.0691"
"AT4G27500.1","-0.7363","0.0702"
"AT2G18040.1","-0.7363","0.0702"
"AT4G16390.1","0.7341","0.0708"
"AT4G38800.1","-0.7341","0.071"
"AT3G52930.1","0.7322","0.0714"
"AT1G78630.1","0.7319","0.0715"
"AT5G42390.1","0.7297","0.0716"
"AT1G62380.1","0.7284","0.0718"
"AT1G02500.1","0.7281","0.0718"
"ATCG00150.1","-0.726","0.0718"
"AT4G23600.1","0.7279","0.0718"
"AT2G36390.1","0.7253","0.072"
"AT3G55330.1","0.7162","0.0729"
"AT4G16155.1","0.7162","0.073"
"AT1G50250.1","0.7153","0.0732"
"AT2G39770.1","0.7133","0.0736"
"AT3G44620.1","0.7133","0.0736"
"AT1G74850.1","0.7133","0.0736"
"AT5G55480.1","-0.7133","0.0738"
"AT3G08580.1","-0.7123","0.0739"
"ATCG00340.1","-0.7119","0.0739"
"AT4G01690.1","0.7118","0.074"
"AT5G61790.1","0.7117","0.0741"
"AT3G59870.1","0.7083","0.0745"
"AT3G19820.1","-0.7066","0.0747"
"AT1G74470.1","0.7075","0.0747"
"AT2G24270.1","0.707","0.0748"
"AT1G34430.1","0.7061","0.075"
"sum74","0.7044","0.0755"
"AT2G33040.1","-0.7035","0.0756"
"sum138","0.7027","0.0759"
"AT2G01210.1","0.6957","0.0767"
"AT1G14810.1","0.6957","0.0767"
"AT3G03710.1","0.6957","0.0767"
"AT5G48300.1","0.6953","0.0769"
"sum29","-0.6918","0.0773"
"AT1G70730.1","0.6905","0.0775"
"sum204","0.6894","0.0775"
"sum41","0.6883","0.0778"
"AT4G26970.1","0.6866","0.0779"
"AT3G54470.1","0.6859","0.0782"
"AT3G26720.1","0.6859","0.0782"
"AT3G12050.1","0.6859","0.0782"
"AT3G55260.1","0.6859","0.0782"
"AT5G42740.1","0.6825","0.079"
"AT3G49120.1","0.6821","0.0791"
"AT1G63770.3","0.6816","0.0793"
"AT5G03690.2","0.68","0.0793"
"AT2G39470.1","-0.6783","0.0796"
"AT1G63940.1","0.6736","0.0807"
"AT1G30690.1","0.673","0.0807"
"AT4G24800.1","0.673","0.0807"
"AT1G18070.1","0.673","0.0807"
"AT3G19450.1","0.6729","0.0814"
"AT5G04430.1","0.6729","0.0814"
"AT2G21385.1","-0.6729","0.0814"
"AT4G30620.1","-0.6688","0.0822"
"ATCG00350.1","-0.668","0.0823"
"AT1G48030.1","0.6689","0.0824"
"ATCG00670.1","0.6644","0.0828"
"AT4G35100.1","-0.6616","0.083"
"AT4G21280.1","-0.6612","0.0831"
"AT1G44920.1","0.6601","0.0833"
"AT4G27640.1","-0.6601","0.0855"
"AT2G05620.1","-0.6601","0.0855"
"AT3G44330.1","-0.6601","0.0855"
"AT2G46650.1","-0.6601","0.0855"
"AT3G08940.2","-0.6596","0.0856"
"sum17","-0.6596","0.0856"
"AT3G52140.1","-0.6591","0.0856"
"AT4G20980.1","0.6567","0.0861"
"AT1G79550.1","0.6552","0.0865"
"AT5G12140.1","0.6546","0.0866"
"AT5G62530.1","0.6546","0.0866"
"AT3G27280.1","0.6514","0.0871"
"sum109","0.6513","0.0871"
"AT1G02920.1","0.6505","0.0873"
"AT1G11910.1","-0.6486","0.0874"
"AT4G31990.1","0.649","0.0875"
"AT1G56450.1","0.6481","0.0876"
"AT1G56340.1","0.6466","0.0877"
"sum76","0.6456","0.0879"
"AT1G18270.1","0.6456","0.0879"
"AT4G18930.1","0.6456","0.0879"
"AT2G14170.1","0.6456","0.0879"
"AT2G39080.1","0.6456","0.0879"
"AT4G11260.1","0.6456","0.0879"
"AT3G04260.1","0.6456","0.0879"
"AT2G44100.1","0.6456","0.0879"
"AT3G56010.1","0.6456","0.0879"
"AT5G55940.1","0.6456","0.0879"
"AT3G02660.1","0.6456","0.0879"
"AT1G74960.1","0.6456","0.0879"
"AT3G13490.1","0.6456","0.0879"
"AT1G79560.1","0.6456","0.0879"
"AT1G10670.1","0.6456","0.0879"
"AT2G31750.1","0.6456","0.0879"
"AT2G44870.1","0.6456","0.0879"
"AT1G59610.1","-0.6456","0.0912"
"AT1G72610.1","-0.6456","0.0912"
"AT5G37475.1","-0.6456","0.0912"
"AT4G12650.1","-0.6456","0.0912"
"AT2G17420.1","-0.6456","0.0912"
"AT1G54520.1","-0.6456","0.0912"
"AT1G42960.1","-0.6456","0.0912"
"AT1G20330.1","-0.6456","0.0912"
"AT2G45140.1","-0.6456","0.0912"
"AT1G21630.1","-0.6456","0.0912"
"AT3G06730.1","-0.6456","0.0912"
"AT3G18060.1","0.6452","0.0915"
"AT1G33590.1","0.6431","0.0922"
"AT5G66530.1","-0.6426","0.0923"
"AT4G32260.1","0.6426","0.0924"
"sum81","-0.6407","0.0926"
"AT5G02160.1","0.6407","0.0927"
"AT5G17050.1","0.6407","0.0927"
"AT4G30220.1","-0.6407","0.0937"
"AT5G49460.1","-0.6391","0.0944"
"AT1G53280.1","0.639","0.0946"
"AT1G20020.1","-0.6351","0.0954"
"sum202","-0.6351","0.0954"
"AT5G40810.1","0.6319","0.0965"
"AT3G01280.1","-0.6285","0.0968"
"AT4G39970.1","-0.6281","0.0971"
"AT2G28000.1","0.6246","0.0978"
"AT3G53420.1","-0.6227","0.098"
"AT5G24300.1","0.6205","0.0985"
"AT5G49910.1","0.6205","0.0988"
"AT2G40840.1","0.6176","0.0991"
"sum16","0.6169","0.0993"
"AT5G11670.1","0.614","0.0996"
"AT3G62030.1","0.6139","0.0996"
"AT3G11630.1","-0.6099","0.1003"
"sum200","0.6107","0.1004"
"sum206","0.6083","0.1012"
"AT5G16620.1","0.6056","0.1018"
"AT4G14890.1","0.6056","0.1018"
"AT5G64860.1","0.6056","0.1018"
"AT4G25890.1","-0.6056","0.1026"
"AT5G42950.1","-0.6056","0.1026"
"AT4G16760.1","0.6026","0.1033"
"AT4G00490.1","0.6026","0.1033"
"AT5G20280.1","-0.6026","0.1036"
"AT1G65980.1","0.6024","0.1038"
"AT1G69620.1","0.6021","0.104"
"AT5G47110.1","-0.6003","0.1041"
"AT5G14740.2","-0.5999","0.1042"
"ATCG00660.1","-0.5984","0.1046"
"AT2G44640.1","0.5984","0.1046"
"AT1G80300.1","-0.5975","0.1048"
"AT3G02520.1","-0.5963","0.105"
"AT3G63460.1","0.5967","0.1051"
"AT5G65020.1","-0.5959","0.1051"
"AT3G48560.1","0.5959","0.1052"
"AT5G45390.1","0.5948","0.1057"
"AT3G60750.1","0.5947","0.1058"
"AT2G32240.1","-0.5927","0.1059"
"sum207","0.5937","0.106"
"AT2G34160.1","-0.5903","0.1062"
"AT3G48170.1","0.5889","0.1065"
"AT3G25800.1","0.5844","0.1075"
"AT3G13860.1","0.5839","0.1075"
"AT2G15620.1","0.5821","0.1083"
"sum64","0.5815","0.1085"
"AT2G36830.1","-0.5798","0.1087"
"AT2G29450.1","0.5807","0.1087"
"AT5G14200.1","0.5796","0.1089"
"AT1G77590.1","0.5784","0.109"
"AT5G65430.1","-0.5772","0.1095"
"sum132","-0.5769","0.1096"
"AT4G30920.1","0.578","0.1096"
"AT3G26060.1","-0.5739","0.1101"
"sum7","-0.5722","0.1106"
"sum36","0.5724","0.1107"
"AT2G05710.1","0.5717","0.1108"
"AT3G13120.1","0.5712","0.1109"
"AT2G22990.1","0.5712","0.1109"
"AT4G36530.1","0.5712","0.1109"
"ATCG00430.1","-0.5712","0.1113"
"AT5G57655.2","0.5706","0.1116"
"AT3G08770.1","0.5706","0.1116"
"AT1G75270.1","0.5706","0.1116"
"AT5G09900.1","0.5706","0.1116"
"AT2G22360.1","0.5706","0.1116"
"AT1G02080.1","-0.5706","0.1124"
"sum89","-0.5706","0.1124"
"sum203","-0.5659","0.1132"
"AT2G30110.1","0.5659","0.1134"
"AT2G01250.1","-0.5639","0.1136"
"AT5G10160.1","-0.5639","0.1136"
"AT4G36760.1","0.5634","0.1138"
"AT2G46910.1","0.5634","0.1138"
"AT2G42690.1","0.5634","0.1138"
"AT5G44130.1","-0.5634","0.1142"
"AT3G20320.1","-0.5634","0.1142"
"AT2G30930.1","-0.5634","0.1142"
"sum213","0.5633","0.1144"
"AT4G01800.1","0.5613","0.1152"
"AT1G72640.1","-0.561","0.1157"
"AT3G28715.1","-0.5601","0.1159"
"AT1G74040.1","0.5601","0.116"
"AT1G80380.2","0.5599","0.1161"
"AT3G53900.1","0.5598","0.1161"
"AT3G48690.1","0.5598","0.1161"
"AT5G14040.1","-0.5588","0.1162"
"AT3G61440.1","0.5575","0.1166"
"sum27","0.5572","0.1167"
"AT5G65010.1","0.5547","0.117"
"AT1G12840.1","0.5517","0.1175"
"AT1G70310.1","0.5514","0.1176"
"AT5G14260.1","0.5507","0.1176"
"AT1G66200.1","0.5506","0.1178"
"AT1G09310.1","0.5503","0.1179"
"AT1G15290.1","-0.5474","0.1187"
"AT2G45790.1","0.5441","0.1194"
"AT2G02740.1","0.5441","0.1194"
"AT2G04039.1","-0.5441","0.1196"
"AT1G29900.1","0.5432","0.1198"
"AT4G17600.1","-0.5429","0.12"
"AT4G00630.1","-0.542","0.1202"
"AT3G17390.1","0.5415","0.1204"
"AT1G18500.1","0.5416","0.1204"
"AT1G47420.1","-0.5405","0.1208"
"AT5G42980.1","-0.5401","0.121"
"AT4G27520.1","0.5401","0.121"
"sum133","-0.5401","0.121"
"AT5G13450.1","0.5401","0.121"
"AT2G23350.1","0.5397","0.1213"
"AT1G67090.1","-0.538","0.1214"
"AT2G16600.1","0.5383","0.1216"
"AT3G10850.1","0.538","0.1216"
"AT3G62410.1","0.538","0.1216"
"AT1G07140.1","0.538","0.1216"
"AT1G20225.1","0.538","0.1216"
"AT2G47710.1","0.538","0.1216"
"AT3G13460.1","-0.538","0.128"
"AT5G05000.1","-0.538","0.128"
"AT1G20810.1","-0.538","0.128"
"AT1G74560.1","-0.538","0.128"
"AT1G15820.1","-0.5369","0.1281"
"AT2G27720.1","-0.5342","0.1289"
"AT1G77490.1","0.531","0.1297"
"AT1G03680.1","-0.53","0.1298"
"AT5G19550.1","0.5302","0.1299"
"AT2G17695.1","0.5292","0.1302"
"AT4G33760.1","0.5292","0.1302"
"AT5G66680.1","0.5292","0.1302"
"AT3G14290.1","-0.5285","0.1326"
"AT3G47070.1","-0.5273","0.1329"
"AT2G24200.1","0.5275","0.1329"
"AT5G26360.1","0.5273","0.1329"
"AT1G21750.1","0.5273","0.1331"
"AT2G33210.1","0.5261","0.1333"
"AT2G32730.1","0.5237","0.1335"
"AT4G25130.1","0.5219","0.1339"
"AT5G24490.1","0.5219","0.1339"
"AT1G02780.1","-0.5218","0.1345"
"AT4G39690.1","0.5215","0.1349"
"AT3G05970.1","0.5215","0.1349"
"AT1G75950.1","0.5215","0.1349"
"AT1G74090.1","0.5215","0.1349"
"AT3G51160.1","0.5215","0.1349"
"sum47","0.5215","0.1349"
"AT3G18490.1","0.5215","0.1349"
"AT5G24020.1","0.5215","0.1349"
"AT5G27390.1","0.5215","0.1349"
"AT3G07470.1","0.5215","0.1349"
"AT2G40060.1","0.5215","0.1349"
"AT1G79690.1","0.5215","0.1349"
"AT4G15110.1","0.5215","0.1349"
"AT5G53860.1","0.5215","0.1349"
"AT1G59700.1","0.5215","0.1349"
"AT5G20250.1","0.5215","0.1349"
"AT5G65840.1","0.5215","0.1349"
"AT4G19003.1","0.5215","0.1349"
"AT2G44490.1","0.5215","0.1349"
"AT1G55020.1","0.5215","0.1349"
"AT5G35970.1","0.5215","0.1349"
"AT5G35220.1","0.5215","0.1349"
"AT1G03220.1","0.5215","0.1349"
"AT5G62140.1","0.5215","0.1349"
"AT3G27740.1","0.5215","0.1349"
"AT5G39950.1","0.5215","0.1349"
"AT5G36160.1","0.5215","0.1349"
"AT5G13930.1","0.5215","0.1349"
"AT3G17770.1","0.5215","0.1349"
"AT5G36230.1","0.5215","0.1349"
"AT2G33340.1","0.5215","0.1349"
"sum110","-0.5215","0.1487"
"AT3G18680.1","-0.5215","0.1487"
"AT1G33040.1","-0.5215","0.1487"
"sum145","-0.5215","0.1487"
"AT3G23570.1","-0.5215","0.1487"
"AT5G41790.1","-0.5215","0.1487"
"AT2G31660.1","-0.5215","0.1487"
"AT5G51200.1","-0.5215","0.1487"
"AT3G46560.1","-0.5215","0.1487"
"AT2G30050.1","-0.5215","0.1487"
"AT3G21055.1","-0.5215","0.1487"
"AT4G33110.1","-0.5215","0.1487"
"AT2G32090.1","-0.5215","0.1487"
"AT1G60550.1","-0.5215","0.1487"
"AT3G02950.1","-0.5215","0.1487"
"AT5G47870.1","-0.5215","0.1487"
"AT1G71040.1","-0.5215","0.1487"
"sum45","-0.5215","0.1487"
"AT5G04440.1","-0.5215","0.1487"
"AT3G59840.1","-0.5215","0.1487"
"AT3G29200.1","-0.5215","0.1487"
"AT4G32760.1","0.521","0.1491"
"AT3G06580.1","0.521","0.1491"
"AT2G47910.1","-0.521","0.1499"
"AT2G42770.1","-0.521","0.1499"
"AT5G57290.1","0.5205","0.1502"
"AT1G56190.1","0.5204","0.1506"
"sum6","-0.5194","0.1508"
"AT2G40490.1","0.5157","0.1517"
"AT3G58510.1","0.5135","0.1519"
"AT4G24750.1","-0.5129","0.152"
"AT4G02620.1","0.5129","0.1521"
"sum101","-0.5081","0.1531"
"AT2G37270.1","-0.5057","0.1536"
"AT3G25770.1","-0.5055","0.1536"
"sum12","0.506","0.1538"
"AT4G00570.1","0.5049","0.154"
"AT3G20000.1","0.5049","0.154"
"AT3G52880.1","0.504","0.1547"
"AT5G47190.1","0.5039","0.1547"
"AT1G29660.1","-0.5022","0.1547"
"AT4G39330.1","0.5036","0.1547"
"sum205","0.5033","0.1548"
"AT5G20290.1","-0.5012","0.155"
"AT3G23600.1","0.5016","0.1551"
"AT5G28050.1","0.5006","0.1553"
"AT5G35790.1","0.5006","0.1553"
"AT1G57770.1","0.5006","0.1553"
"AT1G73110.1","-0.5006","0.1556"
"AT4G13850.1","-0.5006","0.1556"
"AT1G68010.1","0.4997","0.1561"
"AT2G41680.1","0.4995","0.1562"
"AT5G19510.1","-0.4992","0.1566"
"AT5G19140.1","0.4984","0.157"
"AT4G35000.1","-0.4976","0.1571"
"AT1G64520.1","-0.4975","0.1572"
"AT3G09260.1","0.4963","0.1577"
"AT5G42270.1","0.4956","0.1579"
"AT3G52300.1","-0.4937","0.1582"
"sum122","0.4931","0.1585"
"AT5G12470.1","-0.4902","0.1588"
"AT4G34050.1","-0.49","0.1589"
"AT5G17310.2","0.4882","0.1597"
"AT1G06690.1","0.4868","0.1604"
"AT3G50820.1","-0.4864","0.1606"
"AT3G61470.1","-0.4858","0.1607"
"AT3G49910.1","0.4855","0.1611"
"AT5G07350.1","-0.4835","0.1611"
"AT1G21350.2","0.4831","0.1615"
"AT5G66040.1","0.4831","0.1615"
"AT2G24765.1","-0.4831","0.1629"
"AT3G11930.1","-0.4831","0.1629"
"AT3G16370.1","-0.4831","0.1629"
"AT2G26590.1","-0.4831","0.1629"
"AT5G38830.1","-0.4831","0.1629"
"AT4G28470.1","0.4814","0.1634"
"AT4G38350.1","0.4808","0.1637"
"sum79","-0.4808","0.1638"
"AT1G49760.1","0.4794","0.1643"
"ATCG00120.1","0.4779","0.1646"
"AT2G47470.1","0.4774","0.1646"
"AT3G55120.1","0.4762","0.165"
"AT3G15640.1","0.4762","0.165"
"AT1G11840.1","0.4754","0.166"
"AT3G02720.1","0.4752","0.166"
"ATCG00360.1","0.4752","0.166"
"AT1G21680.1","0.4752","0.166"
"sum82","0.4752","0.166"
"AT5G48480.1","0.4752","0.166"
"AT5G58710.1","0.4752","0.166"
"AT4G13360.1","0.4752","0.166"
"AT4G34350.1","0.4752","0.166"
"AT1G27020.1","-0.4752","0.1676"
"AT5G46070.1","-0.4752","0.1676"
"AT2G20190.1","-0.4752","0.1676"
"sum105","-0.4752","0.1676"
"AT5G52920.1","0.4749","0.1686"
"sum111","0.4723","0.1691"
"AT4G26690.1","0.4691","0.1698"
"AT4G13430.1","0.469","0.1698"
"sum40","-0.4677","0.1701"
"AT5G63310.1","0.4677","0.1701"
"AT4G31300.1","0.4639","0.1711"
"AT3G58140.1","0.4639","0.1711"
"sum93","0.4639","0.1711"
"AT1G31190.1","0.4639","0.1711"
"AT3G56460.1","-0.4639","0.1714"
"AT1G12250.1","-0.4638","0.1714"
"AT5G26830.1","0.4638","0.1717"
"AT1G35680.1","0.4629","0.1719"
"AT3G09820.1","0.4625","0.1721"
"AT3G24503.1","0.4618","0.1723"
"AT4G33510.1","0.459","0.1732"
"AT2G45470.1","0.4583","0.1735"
"AT1G06400.1","0.4573","0.1736"
"AT5G58070.1","0.4549","0.1742"
"AT5G23820.1","0.4549","0.1742"
"AT5G56680.1","-0.4549","0.1751"
"AT1G14345.1","-0.4549","0.1751"
"AT3G10670.1","-0.4549","0.1751"
"AT3G60370.1","-0.4549","0.1751"
"sum46","-0.4539","0.1752"
"AT3G28900.1","-0.4538","0.1755"
"AT3G08943.1","0.4538","0.1756"
"AT3G08947.1","0.4538","0.1756"
"AT1G30630.1","-0.4533","0.1758"
"AT5G03940.1","0.4533","0.1759"
"AT1G70890.1","0.4533","0.1759"
"AT3G53990.1","0.4525","0.1763"
"AT1G54580.1","0.4525","0.1763"
"AT5G54960.1","-0.4525","0.177"
"AT1G74730.1","-0.4525","0.177"
"AT4G01883.1","-0.4525","0.177"
"AT1G43670.1","0.4522","0.1774"
"AT3G24830.1","-0.4489","0.1779"
"AT5G15490.1","0.4495","0.178"
"AT3G28940.1","0.4485","0.1786"
"sum32","-0.4469","0.1789"
"AT1G78570.1","0.4482","0.179"
"sum9","0.4462","0.1794"
"AT4G02520.1","0.4453","0.1795"
"AT4G34620.1","-0.443","0.1798"
"AT3G52960.1","0.4436","0.1799"
"AT3G01440.1","-0.4413","0.1805"
"AT3G14415.1","0.4406","0.181"
"AT5G13630.1","-0.4362","0.1817"
"AT1G80600.1","-0.436","0.1823"
"AT3G56190.1","-0.436","0.1823"
"AT5G37360.1","-0.436","0.1823"
"AT3G27890.1","0.4344","0.183"
"AT1G78680.1","0.4344","0.183"
"AT2G38270.1","-0.4344","0.183"
"AT1G22530.1","0.433","0.1839"
"AT1G12230.1","0.4315","0.1841"
"AT1G56050.1","0.4315","0.1841"
"AT3G16850.1","0.4315","0.1841"
"AT1G24100.1","0.4315","0.1841"
"AT2G38750.1","0.4315","0.1841"
"AT2G31790.1","0.4315","0.1841"
"AT3G11750.1","-0.4315","0.1881"
"AT1G59900.1","-0.4315","0.1881"
"AT3G12260.1","-0.4315","0.1881"
"AT1G11650.1","-0.4315","0.1881"
"AT3G17210.1","-0.4315","0.1881"
"AT1G50900.1","-0.4315","0.1881"
"sum14","0.4311","0.1885"
"AT2G21660.1","-0.4291","0.1887"
"AT5G09650.1","-0.4287","0.1888"
"AT1G29250.1","0.4298","0.1889"
"AT2G06850.1","0.4271","0.1906"
"AT5G35170.1","0.4271","0.1906"
"AT5G36880.1","0.4264","0.1911"
"AT4G13780.1","0.4264","0.1911"
"AT1G71820.1","0.4264","0.1911"
"AT5G51545.1","0.4264","0.1911"
"AT5G62980.1","0.4264","0.1911"
"AT2G26500.1","0.4264","0.1911"
"AT2G32380.1","0.4264","0.1911"
"AT2G19080.1","0.4264","0.1911"
"AT1G53750.1","0.4264","0.1911"
"AT2G29960.1","0.4264","0.1911"
"AT1G14850.1","-0.4264","0.1935"
"AT3G55360.1","-0.4264","0.1935"
"AT5G49810.1","-0.4264","0.1935"
"sum97","-0.4264","0.1935"
"AT3G62700.1","-0.4264","0.1935"
"AT3G51870.1","-0.4264","0.1935"
"AT5G58590.1","-0.4264","0.1935"
"AT1G15710.1","-0.4264","0.1935"
"AT1G30540.1","-0.4264","0.1935"
"AT5G03520.1","0.426","0.1939"
"AT2G43945.1","0.4254","0.1943"
"AT1G52400.1","0.4251","0.1944"
"AT5G35630.1","-0.4238","0.1946"
"AT3G09630.1","0.4224","0.1951"
"AT3G45140.1","0.422","0.1952"
"AT3G22110.1","0.4214","0.1954"
"AT5G03630.1","0.4214","0.1954"
"AT4G39980.1","0.4207","0.1958"
"AT5G10540.1","0.4193","0.1961"
"AT4G21150.1","0.4193","0.1961"
"AT2G04842.1","0.4193","0.1961"
"AT3G27240.1","-0.418","0.1966"
"AT2G42130.3","0.4169","0.1971"
"AT4G29410.1","-0.4166","0.1972"
"AT5G21430.1","-0.4166","0.1972"
"sum141","-0.4165","0.1973"
"AT1G30230.1","-0.416","0.1974"
"AT3G16000.1","0.4166","0.1974"
"ATCG00020.1","-0.4149","0.1976"
"AT3G63140.1","0.4154","0.1978"
"AT1G58080.1","0.4143","0.1981"
"AT3G26450.1","0.4112","0.1987"
"AT2G20530.1","0.4109","0.199"
"AT1G18540.1","-0.4095","0.1992"
"AT3G14420.1","0.4107","0.1993"
"AT3G06650.1","0.4098","0.1994"
"AT1G01100.1","0.4094","0.1995"
"sum77","0.4094","0.1995"
"AT4G08390.1","-0.4084","0.1998"
"AT3G17820.1","-0.4071","0.2002"
"AT1G18080.1","-0.407","0.2002"
"AT3G44100.1","0.4055","0.2009"
"sum67","0.4055","0.2009"
"AT2G35500.1","-0.4055","0.2014"
"AT5G43750.1","-0.4055","0.2014"
"AT5G10360.1","-0.4053","0.2015"
"AT5G18380.1","0.4055","0.2017"
"AT3G28710.1","0.4043","0.2021"
"AT5G03650.1","0.4043","0.2021"
"AT1G48520.1","0.4041","0.2022"
"AT3G13930.1","-0.4041","0.2032"
"AT3G25760.1","0.4032","0.2037"
"AT5G17710.1","0.4024","0.204"
"AT1G03630.1","0.4008","0.2046"
"AT3G48990.1","0.4008","0.2046"
"AT2G29630.1","-0.4008","0.2046"
"AT3G12390.1","-0.4","0.2048"
"AT1G62750.1","-0.3997","0.2048"
"AT4G34110.1","0.3993","0.2052"
"AT1G29470.1","0.3984","0.2053"
"sum58","0.3984","0.2053"
"AT3G51840.1","0.3984","0.2053"
"AT5G17990.1","-0.3984","0.2067"
"AT3G60240.2","-0.3984","0.2067"
"AT5G16660.1","-0.3984","0.2067"
"AT2G16950.1","-0.3984","0.2067"
"AT4G09620.1","-0.3984","0.2067"
"AT3G57560.1","-0.3982","0.2074"
"AT2G42220.1","-0.3982","0.2074"
"AT1G44575.1","-0.3963","0.2083"
"AT5G58250.1","0.3967","0.2083"
"AT5G64040.1","0.3967","0.2083"
"AT2G44160.1","0.3964","0.2086"
"AT4G25370.1","-0.3934","0.209"
"AT3G46740.1","0.3934","0.2092"
"sum135","-0.391","0.2097"
"AT1G79230.1","0.3904","0.2101"
"AT5G17920.1","0.3894","0.2111"
"AT3G03250.1","0.3886","0.2112"
"AT2G43910.1","0.3878","0.2114"
"AT4G09320.1","0.3875","0.2117"
"AT5G64050.1","0.3868","0.2119"
"AT5G37850.1","-0.3868","0.2124"
"ATCG00710.1","-0.3868","0.2124"
"ATMG00070.1","-0.3868","0.2124"
"ATCG00190.1","-0.3868","0.2124"
"AT5G05010.1","0.3864","0.2128"
"AT1G22700.1","0.3858","0.213"
"AT4G23400.1","-0.3838","0.2132"
"AT4G29130.1","0.3846","0.2134"
"sum37","-0.3819","0.2136"
"AT3G49010.1","-0.3816","0.2139"
"AT3G10520.1","-0.3816","0.2139"
"AT4G12420.1","0.3816","0.214"
"AT1G01090.1","0.3816","0.214"
"AT1G04420.1","0.3816","0.214"
"AT4G05180.1","0.3813","0.2142"
"sum73","0.3812","0.2143"
"AT2G35830.1","0.3812","0.2143"
"AT5G37830.1","0.3812","0.2143"
"AT1G53670.1","0.3812","0.2143"
"AT4G15530.1","0.3812","0.2143"
"AT2G35840.1","0.3812","0.2143"
"AT2G18230.1","0.3812","0.2143"
"AT1G23130.1","0.3812","0.2143"
"AT2G30170.1","0.3812","0.2143"
"AT5G20830.1","0.3812","0.2143"
"AT4G32150.1","0.3812","0.2143"
"AT1G02140.1","0.3812","0.2143"
"AT3G44110.1","0.3812","0.2143"
"AT4G14570.1","0.3812","0.2143"
"AT3G13235.1","0.3812","0.2143"
"AT1G63680.1","0.3812","0.2143"
"AT2G34640.1","0.3812","0.2143"
"AT2G43630.1","0.3812","0.2143"
"sum144","0.3812","0.2143"
"AT4G15545.1","0.3812","0.2143"
"AT1G55890.1","0.3812","0.2143"
"AT2G30060.1","0.3812","0.2143"
"AT3G24170.1","0.3812","0.2143"
"AT4G26900.1","0.3812","0.2143"
"AT3G61820.1","0.3812","0.2143"
"sum114","0.3812","0.2143"
"AT4G32180.1","0.3812","0.2143"
"AT2G20760.1","0.3812","0.2143"
"AT5G02740.1","0.3812","0.2143"
"AT1G73090.1","0.3812","0.2143"
"ATCG00570.1","0.3812","0.2143"
"AT3G04480.1","0.3812","0.2143"
"AT5G60980.1","0.3812","0.2143"
"sum130","0.3812","0.2143"
"AT3G48720.1","0.3812","0.2143"
"AT5G44020.1","0.3812","0.2143"
"AT1G20580.1","0.3812","0.2143"
"AT4G28770.1","0.3812","0.2143"
"AT2G24820.1","0.3812","0.2143"
"AT2G30390.1","0.3812","0.2143"
"AT2G35010.1","0.3812","0.2143"
"AT5G37680.1","0.3812","0.2143"
"AT4G39960.1","0.3812","0.2143"
"sum38","0.3812","0.2143"
"AT5G18170.1","0.3812","0.2143"
"AT4G29480.1","0.3812","0.2143"
"AT4G18360.1","0.3812","0.2143"
"AT2G07050.1","0.3812","0.2143"
"AT5G13780.1","0.3812","0.2143"
"AT3G20670.1","0.3812","0.2143"
"AT4G04950.1","0.3812","0.2143"
"sum139","0.3812","0.2143"
"AT3G28270.1","0.3812","0.2143"
"AT1G68560.1","-0.3812","0.2304"
"AT3G50590.1","-0.3812","0.2304"
"AT1G21880.2","-0.3812","0.2304"
"AT1G15950.1","-0.3812","0.2304"
"AT1G71730.1","-0.3812","0.2304"
"AT5G19750.1","-0.3812","0.2304"
"AT2G45060.1","-0.3812","0.2304"
"AT5G47890.1","-0.3812","0.2304"
"AT4G21580.1","-0.3812","0.2304"
"AT5G49720.1","-0.3812","0.2304"
"AT3G12800.1","-0.3812","0.2304"
"AT3G03980.1","-0.3812","0.2304"
"AT4G19210.1","-0.3812","0.2304"
"AT1G17890.1","-0.3812","0.2304"
"AT5G48580.1","-0.3812","0.2304"
"AT1G14030.1","-0.3812","0.2304"
"AT1G49750.1","-0.3812","0.2304"
"AT1G59840.1","-0.3812","0.2304"
"AT4G39520.1","-0.3812","0.2304"
"AT3G01290.1","-0.3812","0.2304"
"AT3G01340.1","-0.3812","0.2304"
"AT2G03680.1","-0.3812","0.2304"
"AT2G03120.1","-0.3812","0.2304"
"AT2G02500.1","-0.3812","0.2304"
"AT5G18400.1","-0.3812","0.2304"
"AT5G23440.1","-0.3812","0.2304"
"AT4G02340.1","-0.3812","0.2304"
"AT4G34730.1","-0.3812","0.2304"
"AT2G31810.1","-0.3812","0.2304"
"AT5G63680.1","-0.3812","0.2304"
"AT1G22740.1","-0.3812","0.2304"
"AT3G11170.1","-0.3812","0.2304"
"AT2G06530.1","-0.3812","0.2304"
"AT5G19690.1","-0.3812","0.2304"
"AT2G17630.1","-0.3812","0.2304"
"AT3G44340.1","-0.3812","0.2304"
"AT5G60620.1","-0.3812","0.2304"
"AT1G41880.1","-0.3812","0.2304"
"AT1G09490.1","-0.3812","0.2304"
"AT1G75460.1","-0.3812","0.2304"
"AT3G20680.1","-0.3812","0.2304"
"AT5G03350.1","-0.3812","0.2304"
"AT3G25220.1","-0.3812","0.2304"
"AT2G15860.1","-0.3812","0.2304"
"AT5G02790.1","0.3806","0.2308"
"AT3G07110.1","-0.3786","0.2314"
"AT1G02930.1","0.3787","0.2317"
"AT3G26650.1","0.3786","0.2318"
"AT5G53560.1","-0.3781","0.2318"
"AT4G17090.1","0.3781","0.2318"
"AT1G75330.1","0.3779","0.2322"
"AT2G20360.1","0.3779","0.2322"
"AT5G25980.2","0.3777","0.2327"
"AT2G43090.1","0.3744","0.2336"
"AT3G02230.1","0.3731","0.2342"
"AT3G17840.1","0.3727","0.2344"
"AT5G27540.1","0.3727","0.2344"
"AT2G40290.1","0.3727","0.2344"
"AT4G39120.1","0.3727","0.2344"
"AT4G33500.1","0.3727","0.2344"
"AT5G19860.1","0.3727","0.2344"
"AT2G02560.1","-0.3727","0.2421"
"AT5G61970.1","-0.3727","0.2421"
"AT5G05270.1","-0.3727","0.2421"
"AT5G19980.1","-0.3727","0.2421"
"sum104","-0.3727","0.2421"
"AT2G15290.1","-0.3727","0.2421"
"AT2G26670.1","-0.3727","0.2421"
"AT3G07480.1","0.3721","0.2425"
"AT4G13010.1","0.3721","0.2425"
"AT5G64140.1","-0.3721","0.245"
"AT1G54010.1","-0.3721","0.245"
"AT1G73060.1","-0.3706","0.2452"
"AT5G17530.1","0.3703","0.2456"
"sum221","-0.3681","0.247"
"AT5G27850.1","-0.3678","0.247"
"AT2G26080.1","0.3673","0.2474"
"AT2G21330.1","0.3667","0.2477"
"sum4","-0.3659","0.2491"
"AT3G48730.1","0.3656","0.2494"
"AT3G58610.1","0.3652","0.2495"
"AT3G11830.1","0.3645","0.2496"
"AT5G02240.1","0.3613","0.2504"
"AT1G19570.1","0.3604","0.2507"
"AT3G61220.1","0.3604","0.2508"
"AT2G39990.1","-0.3595","0.2514"
"AT2G38040.1","0.3595","0.2514"
"AT1G78300.1","-0.3592","0.2514"
"AT4G20360.1","0.3576","0.2522"
"AT1G12800.1","0.3557","0.2527"
"sum22","-0.3557","0.2527"
"AT3G26710.1","-0.3557","0.2527"
"AT5G20920.1","-0.3557","0.2527"
"AT3G11710.1","0.3557","0.2531"
"AT5G10470.1","0.3557","0.2531"
"AT3G08920.1","-0.3557","0.2536"
"AT1G15500.1","-0.3542","0.2539"
"AT3G63190.1","0.3551","0.254"
"AT3G51260.1","0.3528","0.2546"
"AT4G09010.1","0.3526","0.2548"
"AT2G41530.1","0.3522","0.255"
"sum129","0.352","0.2552"
"AT5G07340.1","-0.3506","0.2555"
"AT4G39040.1","0.3503","0.2558"
"AT3G04870.1","0.3503","0.2558"
"AT1G74880.1","-0.3503","0.2569"
"AT5G19440.1","-0.3503","0.2569"
"AT3G01500.1","0.3486","0.2578"
"sum26","0.3483","0.2579"
"AT2G44920.2","0.3458","0.2587"
"AT3G56940.1","0.3458","0.259"
"AT5G35530.1","-0.3438","0.2595"
"AT2G27710.1","-0.3436","0.2596"
"AT3G63410.1","-0.3436","0.2596"
"AT3G15190.1","0.3436","0.2598"
"AT1G68590.1","0.3425","0.2601"
"AT5G11450.1","-0.3425","0.2607"
"AT1G74260.1","0.3403","0.2615"
"AT1G04810.1","-0.3397","0.2618"
"AT5G44320.1","0.3397","0.2618"
"AT2G39730.1","0.3396","0.2621"
"AT1G03475.1","0.3391","0.2622"
"AT4G22890.1","-0.3375","0.2624"
"AT3G52150.1","-0.3373","0.2627"
"AT4G09040.1","0.3373","0.2627"
"AT4G04020.1","0.3372","0.2629"
"AT3G19710.1","0.3366","0.263"
"sum51","-0.3363","0.2634"
"AT1G31812.1","0.3361","0.2637"
"AT3G15660.1","0.3361","0.2637"
"AT4G30720.1","0.3361","0.2637"
"AT2G17972.1","0.3361","0.2637"
"AT1G01960.1","-0.3361","0.2654"
"AT1G49970.1","-0.3361","0.2654"
"AT4G21445.1","-0.3361","0.2654"
"AT3G15356.1","-0.3361","0.2654"
"AT1G79500.1","-0.3349","0.2658"
"AT2G21250.1","-0.334","0.2663"
"AT1G08110.1","0.3319","0.2673"
"AT5G35100.1","0.3319","0.2673"
"AT1G01470.1","0.3319","0.2673"
"AT3G56910.1","-0.3319","0.2697"
"AT1G66240.1","-0.3319","0.2697"
"ATCG00800.1","-0.3306","0.2699"
"AT1G65930.1","0.3307","0.2701"
"sum83","-0.3304","0.2709"
"AT3G05350.1","0.3304","0.2709"
"AT5G17170.1","-0.3292","0.2713"
"AT2G36530.1","0.3282","0.272"
"AT4G37800.1","-0.328","0.2721"
"AT5G13410.1","-0.328","0.2721"
"AT1G01790.1","-0.3266","0.2723"
"AT1G61520.1","-0.3265","0.2724"
"AT4G39260.1","-0.3259","0.2725"
"AT1G72150.1","0.3249","0.2732"
"ATCG00780.1","0.3245","0.2733"
"AT3G14067.1","0.3245","0.2733"
"AT4G36810.1","-0.3238","0.2735"
"AT3G27925.1","-0.3238","0.2735"
"AT4G35830.1","0.3239","0.2735"
"AT1G70600.1","0.3229","0.2741"
"AT2G21530.1","-0.32","0.275"
"AT1G17100.1","0.32","0.2751"
"AT5G55280.1","0.3197","0.2753"
"AT5G67560.1","0.3187","0.2761"
"AT5G16050.1","-0.3168","0.2766"
"AT1G10760.1","-0.3164","0.2767"
"AT4G29060.1","0.3165","0.2769"
"AT3G27300.1","0.3163","0.277"
"AT5G01650.1","0.3161","0.277"
"AT3G58010.1","0.3161","0.277"
"AT4G38680.1","-0.3161","0.2781"
"AT2G20890.1","0.3154","0.2785"
"AT1G24020.1","0.3146","0.2787"
"AT4G10340.1","-0.3133","0.2789"
"AT3G12780.1","0.314","0.279"
"AT2G20420.1","0.3124","0.2794"
"AT4G08870.1","0.3124","0.2794"
"sum214","-0.3124","0.2799"
"AT2G13360.1","0.3123","0.2802"
"AT4G11150.1","0.3113","0.2805"
"AT5G16710.1","0.3113","0.2805"
"AT5G41210.1","0.3089","0.2819"
"AT3G53560.1","0.3089","0.2819"
"AT3G47860.1","0.3089","0.2819"
"AT3G56490.1","0.3089","0.2819"
"AT2G42530.1","0.3089","0.2819"
"AT3G59920.1","0.3089","0.2819"
"AT3G62360.1","-0.3089","0.2836"
"AT5G57850.1","-0.3089","0.2836"
"AT2G43640.1","-0.3089","0.2836"
"AT2G34470.1","-0.3089","0.2836"
"AT3G04880.1","-0.3089","0.2836"
"AT1G10290.1","-0.3089","0.2836"
"AT2G07360.1","-0.3089","0.2836"
"AT1G73230.1","-0.3083","0.2839"
"AT4G14030.1","0.3081","0.2841"
"AT4G18100.1","0.3077","0.2842"
"sum30","-0.3062","0.2845"
"sum2","-0.3061","0.2845"
"AT3G55040.1","-0.3058","0.2848"
"AT3G52990.1","0.3053","0.2851"
"AT5G13120.1","0.3052","0.2851"
"AT2G29080.1","0.3034","0.2861"
"AT2G26930.1","0.3034","0.2861"
"AT4G11175.1","0.3034","0.2861"
"AT2G41790.1","0.3034","0.2861"
"AT2G33470.1","0.3034","0.2861"
"AT4G09720.1","0.3034","0.2861"
"AT4G24220.1","0.3034","0.2861"
"AT5G24690.1","0.3034","0.2861"
"AT2G42540.1","0.3034","0.2861"
"AT3G20790.1","0.3034","0.2861"
"AT5G55200.1","0.3034","0.2861"
"AT4G14210.1","0.3034","0.2861"
"AT2G25060.1","-0.3034","0.3062"
"AT5G51720.1","-0.3034","0.3062"
"AT1G22520.1","-0.3034","0.3062"
"AT2G30410.1","-0.3034","0.3062"
"AT3G56090.1","-0.3034","0.3062"
"AT1G42550.1","-0.3034","0.3062"
"AT4G00165.1","-0.3034","0.3062"
"AT5G22640.1","-0.3034","0.3062"
"AT5G25265.1","-0.3034","0.3062"
"AT5G27970.1","-0.3034","0.3062"
"AT4G32940.1","-0.3034","0.3062"
"AT5G03460.1","-0.3034","0.3062"
"AT2G26540.1","-0.3034","0.3062"
"AT3G62110.1","-0.3034","0.3062"
"AT3G46940.1","-0.3034","0.3062"
"AT3G61240.1","-0.3034","0.3062"
"AT5G05610.1","-0.3034","0.3062"
"AT3G26080.1","-0.3026","0.3068"
"AT5G23140.1","0.3022","0.3071"
"AT4G11600.1","0.3022","0.3071"
"AT1G17290.1","0.3022","0.3071"
"AT4G16660.1","-0.3022","0.3084"
"AT4G25050.1","-0.3022","0.3084"
"AT1G11860.1","0.302","0.3086"
"AT5G35590.1","0.3019","0.3086"
"AT1G55670.1","-0.3005","0.3095"
"AT3G23400.1","0.3002","0.3099"
"AT1G52510.1","-0.2993","0.3099"
"AT5G59880.1","0.2991","0.3101"
"AT4G24830.1","0.2991","0.3101"
"AT2G31570.1","0.299","0.3103"
"AT4G34200.1","0.299","0.3103"
"AT3G59760.1","0.2988","0.3104"
"AT1G04410.1","-0.2984","0.3106"
"AT5G61410.1","-0.2965","0.3111"
"sum211","0.2965","0.3112"
"AT2G09990.1","0.2959","0.3115"
"sum63","-0.2951","0.3117"
"AT2G37220.1","-0.2949","0.3118"
"AT1G13930.1","0.2947","0.3119"
"AT5G38660.1","-0.2921","0.3127"
"AT1G76450.1","-0.292","0.3132"
"AT1G05010.1","0.2917","0.3136"
"ATCG00770.1","-0.2904","0.3138"
"AT5G54600.1","0.2905","0.3138"
"AT1G79440.1","0.2898","0.3145"
"AT2G20270.1","0.2898","0.3145"
"AT4G29010.1","0.2898","0.3145"
"AT2G29290.2","0.2898","0.3145"
"AT4G35090.1","-0.2898","0.3156"
"AT5G64270.1","-0.2898","0.3156"
"AT1G33810.1","-0.2898","0.3156"
"AT1G79210.1","0.2875","0.3163"
"AT5G57040.1","0.2874","0.3164"
"AT5G50250.1","0.2874","0.3164"
"AT3G56290.1","-0.2874","0.3203"
"ATCG00650.1","-0.2874","0.3203"
"AT4G34700.1","-0.2874","0.3203"
"AT5G60790.1","-0.2874","0.3203"
"AT1G52220.1","-0.2874","0.3203"
"AT1G05190.1","0.287","0.3206"
"AT4G35250.1","-0.2864","0.3208"
"AT5G27670.1","0.286","0.3212"
"AT1G53500.1","0.286","0.3212"
"AT3G46060.1","-0.286","0.3214"
"AT2G30870.1","0.2857","0.3217"
"AT3G52380.1","-0.2852","0.3219"
"AT3G16140.1","-0.2852","0.3219"
"AT3G26520.1","-0.2848","0.322"
"AT4G01150.1","-0.2848","0.322"
"AT4G10320.1","0.2841","0.3224"
"AT5G67360.1","0.2841","0.3224"
"AT3G20390.1","0.2824","0.3232"
"AT5G40770.1","-0.2813","0.3236"
"AT2G17340.1","0.2788","0.325"
"AT5G62350.1","0.2788","0.325"
"AT1G07320.1","0.2781","0.3268"
"AT4G22240.1","0.2778","0.327"
"ATCG01120.1","0.2767","0.3272"
"AT3G48420.1","-0.2767","0.3274"
"AT5G08280.1","0.2763","0.3278"
"AT2G35410.1","0.2748","0.3283"
"ATCG00720.1","-0.2732","0.3291"
"AT5G06290.1","-0.2709","0.3302"
"AT5G03290.1","0.2699","0.3305"
"AT2G19760.1","-0.2698","0.3306"
"AT2G31390.1","0.2698","0.3308"
"AT3G01390.1","-0.2698","0.332"
"AT1G79850.1","0.2695","0.3322"
"ATCG00580.1","0.2695","0.3322"
"AT5G52840.1","0.2689","0.3328"
"AT1G19670.1","0.2689","0.3328"
"AT1G70820.1","-0.2689","0.3339"
"AT4G28750.1","-0.267","0.3346"
"AT1G31330.1","-0.2657","0.3351"
"AT5G61780.1","-0.2652","0.3353"
"AT2G35370.1","0.2645","0.3357"
"AT2G01140.1","0.2632","0.3369"
"AT4G38970.1","0.2625","0.3374"
"AT1G04080.1","0.2615","0.3378"
"AT5G08410.1","0.2615","0.3378"
"AT3G18430.1","0.2615","0.3378"
"AT1G43690.1","0.2615","0.3378"
"AT5G63980.1","0.2615","0.3378"
"AT5G20140.1","0.2615","0.3378"
"AT4G26555.1","0.2615","0.3378"
"AT3G51000.1","0.2615","0.3378"
"AT4G02230.1","-0.2615","0.3425"
"AT5G24710.1","-0.2615","0.3425"
"AT2G46520.1","-0.2615","0.3425"
"AT5G08060.1","-0.2615","0.3425"
"AT1G59960.1","-0.2615","0.3425"
"AT1G80750.1","-0.2615","0.3425"
"AT5G23940.1","-0.2615","0.3425"
"AT2G32080.1","-0.2615","0.3425"
"AT5G01590.1","-0.2615","0.3425"
"AT2G44610.1","-0.261","0.3427"
"AT3G22960.1","0.2599","0.3431"
"AT1G63000.1","-0.2598","0.3442"
"AT1G01080.1","-0.2598","0.3442"
"AT5G58260.1","-0.2572","0.3458"
"AT5G01410.1","-0.2571","0.3458"
"AT1G71500.1","-0.2571","0.3459"
"AT5G38480.1","-0.2563","0.3461"
"AT5G63890.1","-0.255","0.3483"
"AT4G24820.1","-0.255","0.3483"
"AT2G43560.1","-0.255","0.3483"
"AT1G27090.1","-0.255","0.3483"
"AT4G33680.1","0.2544","0.3488"
"AT2G27530.1","-0.2523","0.3493"
"AT2G21870.1","-0.2514","0.3511"
"AT4G29840.1","0.2507","0.3515"
"AT4G34870.1","0.2505","0.3518"
"AT3G52750.1","0.2498","0.352"
"AT5G20720.1","0.249","0.3522"
"AT2G37660.1","0.2483","0.3525"
"AT1G12900.1","0.2475","0.3526"
"AT5G53490.1","-0.2465","0.353"
"AT4G23850.1","0.246","0.3534"
"AT1G15140.1","-0.246","0.3535"
"sum25","-0.2456","0.3538"
"sum70","-0.2451","0.3541"
"AT5G65220.1","0.2454","0.3542"
"AT1G75350.1","0.2439","0.3548"
"AT1G08830.1","0.2439","0.3548"
"AT4G22570.1","0.2432","0.3559"
"AT2G46820.1","0.2424","0.3561"
"AT1G80410.1","0.2424","0.3562"
"sum84","0.2424","0.3562"
"ATCG01060.1","0.2424","0.3562"
"AT2G24060.1","0.2424","0.3562"
"AT2G45180.1","0.2424","0.3562"
"AT3G24430.1","0.2424","0.3562"
"AT2G34040.1","0.2424","0.3562"
"AT2G24940.1","-0.2424","0.3589"
"AT4G01900.1","-0.2424","0.3589"
"AT2G43750.1","-0.2385","0.3602"
"AT5G04590.1","0.2375","0.3607"
"AT2G32060.1","0.2375","0.3607"
"AT3G16910.1","0.2368","0.3609"
"AT2G21170.1","-0.2356","0.3623"
"AT2G43710.1","0.2358","0.3624"
"AT5G23310.1","0.2337","0.3636"
"AT1G79600.1","0.2337","0.3636"
"AT1G06000.1","0.2337","0.3636"
"AT4G21100.1","0.2337","0.3636"
"AT1G59990.1","0.2337","0.3636"
"AT2G45070.1","0.2337","0.3636"
"AT3G48140.1","0.2337","0.3636"
"AT1G12050.1","0.2337","0.3636"
"AT1G71695.1","-0.2337","0.3742"
"AT2G29360.1","-0.2337","0.3742"
"AT1G09760.1","-0.2337","0.3742"
"AT3G11780.1","-0.2337","0.3742"
"AT5G24400.1","-0.2337","0.3742"
"AT4G17340.1","-0.2337","0.3742"
"AT2G28190.1","0.2328","0.3748"
"AT1G14410.1","0.2314","0.3752"
"AT3G23700.1","-0.2314","0.3758"
"AT3G49680.1","-0.2314","0.3758"
"AT1G50320.1","-0.2314","0.3758"
"AT4G26300.1","-0.2312","0.3761"
"AT1G15690.1","0.2313","0.3761"
"AT4G18440.1","0.2312","0.3761"
"AT3G54640.1","0.2303","0.3766"
"AT5G23890.1","0.2303","0.3766"
"AT5G10860.1","0.2303","0.3766"
"AT3G25530.1","-0.2303","0.3768"
"AT4G02530.1","-0.2298","0.3771"
"AT1G16080.1","0.2298","0.3772"
"AT5G10450.1","0.2281","0.3778"
"AT1G03600.1","0.2267","0.3785"
"sum125","-0.2257","0.3786"
"AT4G21210.1","-0.2242","0.3802"
"AT1G52230.1","-0.2238","0.3804"
"AT1G35160.1","0.2238","0.3807"
"AT5G63570.1","0.2236","0.3808"
"AT1G18060.1","0.2216","0.3817"
"AT4G09670.1","0.2216","0.3817"
"AT5G64350.1","0.2216","0.3817"
"AT5G23060.1","-0.2198","0.3829"
"AT1G66670.1","-0.2185","0.384"
"ATCG00810.1","0.2184","0.3843"
"AT1G20340.1","-0.218","0.3844"
"sum78","0.2178","0.3847"
"AT3G08740.1","-0.2163","0.3851"
"AT5G63510.1","0.2159","0.3855"
"AT4G26500.1","0.2159","0.3855"
"AT2G32720.1","0.2159","0.3855"
"AT1G08640.1","0.2159","0.3855"
"AT2G45820.1","0.2159","0.3855"
"AT3G13870.1","0.2159","0.3855"
"AT5G06460.1","0.2159","0.3855"
"AT1G19130.1","0.2159","0.3855"
"AT4G31840.1","0.2159","0.3855"
"AT5G49760.1","0.2159","0.3855"
"AT1G48620.1","0.2159","0.3855"
"AT5G42080.1","0.2159","0.3855"
"AT1G06900.1","0.2159","0.3855"
"AT1G51100.1","0.2159","0.3855"
"AT2G32450.1","0.2159","0.3855"
"AT5G42480.1","0.2159","0.3855"
"AT4G32320.1","0.2159","0.3855"
"AT1G53210.1","0.2159","0.3855"
"AT3G51420.1","0.2159","0.3855"
"AT2G39940.1","0.2159","0.3855"
"AT4G21110.1","0.2159","0.3855"
"sum69","0.2159","0.3855"
"AT3G57330.1","0.2159","0.3855"
"AT1G18590.1","0.2159","0.3855"
"AT5G20130.1","0.2159","0.3855"
"AT2G04690.1","0.2159","0.3855"
"AT3G23920.1","0.2159","0.3855"
"AT2G05520.1","0.2159","0.3855"
"AT4G23180.1","0.2159","0.3855"
"AT1G11660.1","0.2159","0.3855"
"AT3G10380.1","0.2159","0.3855"
"AT2G14750.1","0.2159","0.3855"
"AT3G63130.1","0.2159","0.3855"
"AT3G11560.1","0.2159","0.3855"
"AT4G14100.1","0.2159","0.3855"
"AT3G23760.1","0.2159","0.3855"
"AT2G17870.1","0.2159","0.3855"
"AT5G46860.1","0.2159","0.3855"
"AT5G57330.1","0.2159","0.3855"
"AT1G26110.1","0.2159","0.3855"
"AT5G25940.1","0.2159","0.3855"
"AT5G04170.1","0.2159","0.3855"
"AT5G42240.1","0.2159","0.3855"
"AT5G43850.1","0.2159","0.3855"
"AT4G32720.1","0.2159","0.3855"
"AT4G31120.1","0.2159","0.3855"
"AT5G64300.1","0.2159","0.3855"
"AT2G21370.1","0.2159","0.3855"
"AT1G54570.1","0.2159","0.3855"
"AT4G28740.1","0.2159","0.3855"
"AT2G32640.1","0.2159","0.3855"
"AT1G73990.1","0.2159","0.3855"
"AT3G03270.1","0.2159","0.3855"
"AT1G54220.1","0.2159","0.3855"
"AT3G19340.1","0.2159","0.3855"
"AT4G36800.1","0.2159","0.3855"
"AT4G13840.1","0.2159","0.3855"
"AT1G72550.1","0.2159","0.3855"
"AT3G57890.1","0.2159","0.3855"
"AT5G18570.1","0.2159","0.3855"
"sum54","0.2159","0.3855"
"AT5G64570.1","0.2159","0.3855"
"AT5G16290.1","0.2159","0.3855"
"AT3G51800.1","0.2159","0.3855"
"AT2G02850.1","0.2159","0.3855"
"AT4G02370.1","0.2159","0.3855"
"AT5G08180.1","0.2159","0.3855"
"AT5G11980.1","0.2159","0.3855"
"AT5G64840.1","0.2159","0.3855"
"AT1G23180.1","0.2159","0.3855"
"AT1G09270.1","0.2159","0.3855"
"AT5G21100.1","0.2159","0.3855"
"AT3G17810.1","0.2159","0.3855"
"AT1G08490.1","0.2159","0.3855"
"AT3G51140.1","0.2159","0.3855"
"AT1G53120.1","0.2159","0.3855"
"AT2G47450.1","0.2159","0.3855"
"AT5G04900.1","0.2159","0.3855"
"AT2G28605.1","0.2159","0.3855"
"AT3G57090.1","0.2159","0.3855"
"AT3G28930.1","0.2159","0.3855"
"AT4G32130.1","0.2159","0.3855"
"AT2G47380.1","0.2159","0.3855"
"AT1G06530.1","0.2159","0.3855"
"AT4G21960.1","0.2159","0.3855"
"AT4G25550.1","0.2159","0.3855"
"AT1G43890.1","0.2159","0.3855"
"AT5G51300.1","0.2159","0.3855"
"AT1G74020.1","0.2159","0.3855"
"AT1G20816.1","0.2159","0.3855"
"AT1G60990.1","0.2159","0.3855"
"AT1G48420.1","0.2159","0.3855"
"AT5G08610.1","0.2159","0.3855"
"ATCG00640.1","0.2159","0.3855"
"AT2G38140.1","0.2159","0.3855"
"AT2G41040.1","0.2159","0.3855"
"AT2G19680.1","0.2159","0.3855"
"sum10","0.2159","0.3855"
"AT5G18100.1","0.2159","0.3855"
"AT5G11710.1","0.2159","0.3855"
"AT4G17100.1","0.2159","0.3855"
"AT1G18450.1","0.2159","0.3855"
"AT1G51680.1","0.2159","0.3855"
"AT2G25370.2","0.2159","0.3855"
"AT5G49215.1","0.2159","0.3855"
"AT1G65820.1","0.2159","0.3855"
"AT1G05180.1","0.2159","0.3855"
"AT3G53970.1","0.2159","0.3855"
"AT3G02510.1","0.2159","0.3855"
"AT3G51730.1","0.2159","0.3855"
"AT5G02280.1","0.2159","0.3855"
"AT1G15750.1","0.2159","0.3855"
"AT2G19520.1","0.2159","0.3855"
"AT3G01520.1","0.2159","0.3855"
"AT1G79090.1","0.2159","0.3855"
"AT2G38160.1","0.2159","0.3855"
"AT5G66140.1","-0.2159","0.4336"
"AT5G59890.1","-0.2159","0.4336"
"AT4G34830.1","-0.2159","0.4336"
"AT1G75040.1","-0.2159","0.4336"
"AT1G06290.1","-0.2159","0.4336"
"AT5G48220.1","-0.2159","0.4336"
"AT2G17200.1","-0.2159","0.4336"
"AT5G14660.1","-0.2159","0.4336"
"AT3G60860.1","-0.2159","0.4336"
"AT4G10060.1","-0.2159","0.4336"
"AT5G54430.1","-0.2159","0.4336"
"AT1G02475.1","-0.2159","0.4336"
"AT1G12780.1","-0.2159","0.4336"
"AT3G07100.1","-0.2159","0.4336"
"AT3G03890.1","-0.2159","0.4336"
"AT3G03100.1","-0.2159","0.4336"
"AT5G39730.1","-0.2159","0.4336"
"AT5G14800.1","-0.2159","0.4336"
"AT5G44520.1","-0.2159","0.4336"
"AT1G01820.1","-0.2159","0.4336"
"AT2G28800.1","-0.2159","0.4336"
"AT1G15390.1","-0.2159","0.4336"
"AT4G14300.1","-0.2159","0.4336"
"AT2G03440.1","-0.2159","0.4336"
"sum52","-0.2159","0.4336"
"AT4G22010.1","-0.2159","0.4336"
"AT1G02910.1","-0.2159","0.4336"
"AT3G51600.1","-0.2159","0.4336"
"AT3G07950.1","-0.2159","0.4336"
"AT5G40490.1","-0.2159","0.4336"
"AT5G42150.1","-0.2159","0.4336"
"AT1G04170.1","-0.2159","0.4336"
"AT4G35230.1","-0.2159","0.4336"
"AT5G63910.1","-0.2159","0.4336"
"AT2G20990.1","-0.2159","0.4336"
"AT2G02050.1","-0.2159","0.4336"
"AT5G51660.1","-0.2159","0.4336"
"AT5G45280.1","-0.2159","0.4336"
"AT5G65810.1","-0.2159","0.4336"
"AT3G05625.1","-0.2159","0.4336"
"AT5G22510.1","-0.2159","0.4336"
"AT1G15980.1","-0.2159","0.4336"
"AT3G51510.1","-0.2159","0.4336"
"AT3G13330.1","-0.2159","0.4336"
"AT2G16460.1","-0.2159","0.4336"
"AT3G56630.1","-0.2159","0.4336"
"AT4G26110.1","-0.2159","0.4336"
"AT1G26550.1","-0.2159","0.4336"
"AT2G25800.1","-0.2159","0.4336"
"AT4G36020.1","-0.2159","0.4336"
"AT5G08260.1","-0.2159","0.4336"
"AT3G07430.1","-0.2159","0.4336"
"AT5G61030.1","-0.2159","0.4336"
"AT4G12720.1","-0.2159","0.4336"
"AT2G03870.1","-0.2159","0.4336"
"AT4G09580.1","-0.2159","0.4336"
"AT4G01940.1","-0.2159","0.4336"
"AT4G09350.1","-0.2159","0.4336"
"AT4G29810.1","-0.2159","0.4336"
"AT2G27730.1","-0.2159","0.4336"
"AT3G22210.1","-0.2159","0.4336"
"AT1G44170.1","-0.2159","0.4336"
"AT1G71180.1","-0.2159","0.4336"
"AT5G07030.1","-0.2159","0.4336"
"AT1G44790.1","-0.2159","0.4336"
"AT1G05850.1","-0.2159","0.4336"
"AT4G35800.1","-0.2159","0.4336"
"AT1G14710.1","-0.2159","0.4336"
"AT3G57030.1","-0.2159","0.4336"
"AT1G65270.1","-0.2159","0.4336"
"AT1G04530.1","-0.2159","0.4336"
"AT3G15680.1","-0.2159","0.4336"
"AT5G44600.1","-0.2159","0.4336"
"AT1G58290.1","-0.2159","0.4336"
"AT5G01500.1","-0.2159","0.4336"
"AT2G01110.1","-0.2159","0.4336"
"AT1G62480.1","-0.2159","0.4336"
"AT3G59990.1","-0.2159","0.4336"
"AT4G16566.1","-0.2159","0.4336"
"AT5G42890.1","-0.2159","0.4336"
"AT5G10240.1","-0.2159","0.4336"
"AT1G54410.1","-0.2159","0.4336"
"AT3G59380.1","-0.2159","0.4336"
"AT3G58470.1","-0.2159","0.4336"
"AT1G52190.1","-0.2159","0.4336"
"AT3G55940.1","-0.2159","0.4336"
"AT5G02530.1","-0.2159","0.4336"
"AT1G01630.1","-0.2159","0.4336"
"AT5G53045.1","-0.2159","0.4336"
"AT5G24165.1","-0.2159","0.4336"
"AT2G37670.1","-0.2159","0.4336"
"sum21","-0.2149","0.434"
"AT3G62530.1","0.2138","0.4348"
"sum44","0.2135","0.435"
"AT2G39020.1","0.2135","0.435"
"AT2G34585.1","0.2135","0.435"
"AT2G40600.1","0.2135","0.435"
"AT3G20330.1","0.2135","0.435"
"AT2G21160.1","-0.2135","0.438"
"AT5G60540.1","-0.2135","0.438"
"AT5G11560.1","-0.2135","0.438"
"AT3G54900.1","-0.2135","0.438"
"AT3G08640.1","-0.2135","0.438"
"AT5G52240.1","-0.2135","0.438"
"AT5G13710.1","-0.2135","0.438"
"AT4G02450.1","-0.2131","0.4387"
"AT5G52520.1","0.2129","0.4391"
"AT3G17020.1","0.2129","0.4391"
"AT4G25450.1","0.2129","0.4391"
"AT3G02730.1","-0.2129","0.4406"
"ATCG00820.1","-0.2129","0.4406"
"ATCG00130.1","-0.2121","0.4408"
"sum13","-0.2121","0.4408"
"AT1G47260.1","-0.212","0.4408"
"AT3G53460.1","-0.2113","0.4412"
"AT4G31700.1","0.2108","0.4416"
"AT1G62780.1","0.2107","0.4417"
"ATCG00490.1","-0.209","0.4419"
"sum20","-0.2079","0.4428"
"sum98","-0.2071","0.4432"
"AT2G47940.1","0.2051","0.4445"
"AT5G19940.1","0.2037","0.4457"
"AT4G03520.1","0.2034","0.4463"
"AT1G34000.1","0.2034","0.4463"
"sum1","0.2029","0.4471"
"sum3","-0.2019","0.4472"
"sum18","-0.201","0.4475"
"AT5G41520.1","0.2004","0.4481"
"ATCG00280.1","-0.1994","0.4483"
"AT1G23290.1","-0.1991","0.4484"
"sum108","0.1989","0.4487"
"AT5G58330.1","0.1982","0.4492"
"AT1G77090.1","-0.198","0.4499"
"AT5G23540.1","-0.198","0.4499"
"AT3G13580.1","-0.1979","0.45"
"AT1G52360.1","0.1978","0.4505"
"AT3G47430.1","0.1978","0.4505"
"AT3G05020.1","0.1978","0.4505"
"ATMG00160.1","0.1978","0.4505"
"AT5G62720.1","-0.1978","0.4557"
"AT4G30310.2","-0.1978","0.4557"
"AT5G42960.1","-0.1978","0.4557"
"AT3G02200.2","-0.1978","0.4557"
"AT3G10350.1","-0.1978","0.4557"
"AT4G28730.1","-0.1978","0.4557"
"sum102","-0.1978","0.4557"
"AT3G15010.1","-0.1978","0.4557"
"AT1G74070.1","-0.1978","0.4557"
"AT4G18030.1","-0.1978","0.4557"
"AT5G66570.1","-0.1975","0.4558"
"AT4G33010.1","0.1971","0.4564"
"AT5G47930.1","0.1964","0.4566"
"AT3G03960.1","0.1957","0.4569"
"AT5G51110.1","0.1946","0.4573"
"ATCG00380.1","0.1946","0.4573"
"AT2G41740.1","0.1936","0.4582"
"AT2G38230.1","-0.1921","0.4582"
"AT1G21440.1","-0.1921","0.4582"
"AT5G45680.1","0.1916","0.4588"
"AT1G54500.1","-0.1916","0.4599"
"AT1G11750.1","0.1906","0.4608"
"sum42","0.1906","0.4608"
"AT1G09620.1","0.1899","0.4613"
"AT5G23120.1","0.1895","0.4616"
"AT3G54210.1","0.1868","0.4626"
"AT1G54780.1","0.1865","0.4633"
"AT1G24510.1","-0.1856","0.464"
"AT1G64770.1","0.185","0.4645"
"ATCG00140.1","0.185","0.4645"
"AT4G10840.1","0.185","0.4645"
"sum53","0.185","0.4645"
"AT2G37790.1","0.185","0.4645"
"AT1G19150.1","-0.185","0.4668"
"AT5G63840.1","-0.185","0.4668"
"AT3G11400.1","-0.185","0.4668"
"AT1G78380.1","0.1826","0.4685"
"AT3G02090.1","0.1826","0.4685"
"AT1G70410.2","-0.1802","0.4692"
"AT2G30970.1","-0.1801","0.4699"
"AT5G04140.1","0.1797","0.4704"
"AT1G67700.1","0.1763","0.472"
"AT2G19730.1","-0.1753","0.4724"
"AT1G75280.1","0.1751","0.4727"
"AT2G10940.1","-0.1751","0.4732"
"AT1G32220.1","0.1745","0.4737"
"AT5G62810.1","0.1745","0.4737"
"AT2G29340.1","0.1745","0.4737"
"AT2G21620.1","0.1745","0.4737"
"AT5G20080.1","-0.1745","0.4772"
"AT1G18210.1","-0.1745","0.4772"
"ATCG00500.1","-0.1745","0.4772"
"AT4G02930.1","0.174","0.4778"
"AT4G01050.1","0.1731","0.4781"
"AT1G06680.1","-0.1725","0.4786"
"AT3G19480.1","-0.172","0.479"
"AT3G01480.1","-0.1706","0.4795"
"sum214","0.1708","0.4795"
"AT4G24770.1","0.1706","0.4796"
"sum94","-0.1705","0.4796"
"AT1G24360.1","-0.1703","0.4802"
"AT2G18020.1","0.1701","0.4805"
"AT1G43170.1","-0.17","0.4805"
"AT5G14910.1","-0.17","0.4805"
"AT3G11730.1","0.1693","0.4811"
"AT4G27440.1","-0.1678","0.4814"
"AT1G77060.1","0.1656","0.483"
"AT4G31180.1","0.1654","0.4831"
"AT3G56240.1","0.1654","0.4831"
"AT4G29120.1","0.1654","0.4831"
"AT2G39960.1","0.1654","0.4831"
"AT1G27130.1","0.1654","0.4831"
"AT3G59400.1","0.1654","0.4831"
"AT4G33670.1","0.1654","0.4831"
"AT3G06350.1","0.1654","0.4831"
"AT2G20230.1","0.1654","0.4831"
"AT3G15520.1","-0.1654","0.4849"
"AT1G10840.1","-0.1654","0.4849"
"AT4G02580.1","-0.1654","0.4849"
"AT2G27020.1","-0.1654","0.4849"
"AT5G59870.1","-0.1645","0.4853"
"AT1G17860.1","0.1643","0.4857"
"AT5G16390.1","0.1643","0.4857"
"AT3G48890.1","0.1643","0.4857"
"AT4G08520.1","0.1643","0.4857"
"AT5G42310.1","0.1643","0.4857"
"AT3G20630.1","0.1643","0.4857"
"AT1G31160.1","0.1643","0.4857"
"AT3G05000.1","0.1643","0.4857"
"AT2G25280.1","0.1643","0.4857"
"AT2G35450.1","0.1643","0.4857"
"AT5G53580.1","0.1643","0.4857"
"AT2G22250.1","0.1643","0.4857"
"AT3G16110.1","0.1643","0.4857"
"AT5G57170.1","0.1643","0.4857"
"ATCG01020.1","0.1643","0.4857"
"AT4G33590.1","0.1643","0.4857"
"AT4G37300.1","0.1643","0.4857"
"AT5G27380.1","0.1643","0.4857"
"sum92","0.1643","0.4857"
"AT3G29185.1","0.1643","0.4857"
"AT3G48500.1","0.1643","0.4857"
"AT1G76400.1","0.1643","0.4857"
"AT1G62660.1","0.1643","0.4857"
"AT1G43190.1","0.1643","0.4857"
"AT3G15950.1","0.1643","0.4857"
"AT3G53700.1","0.1643","0.4857"
"AT3G06850.1","0.1643","0.4857"
"AT4G22485.1","-0.1643","0.4961"
"AT5G57490.1","-0.1643","0.4961"
"AT5G51430.1","-0.1643","0.4961"
"AT2G38770.1","-0.1643","0.4961"
"AT2G45990.1","-0.1643","0.4961"
"AT4G14070.1","-0.1643","0.4961"
"AT4G14420.1","-0.1643","0.4961"
"AT1G28290.1","-0.1643","0.4961"
"AT1G27390.1","-0.1643","0.4961"
"AT4G26870.1","-0.1643","0.4961"
"AT3G52200.1","-0.1643","0.4961"
"AT1G71310.1","-0.1643","0.4961"
"AT5G58870.1","-0.1643","0.4961"
"AT4G14870.1","-0.1643","0.4961"
"AT3G10260.1","-0.1643","0.4961"
"AT5G27290.1","-0.1643","0.4961"
"AT4G10300.1","-0.1643","0.4961"
"AT1G75680.1","-0.1643","0.4961"
"AT1G21770.1","-0.1643","0.4961"
"AT5G35620.1","-0.1643","0.4961"
"AT1G20696.1","-0.1643","0.4961"
"AT5G15650.1","0.1634","0.497"
"AT3G62120.1","0.1601","0.4989"
"AT4G39730.1","0.1595","0.4992"
"AT2G17130.1","0.1586","0.4995"
"sum117","-0.1579","0.5"
"AT3G12345.1","-0.1576","0.5027"
"AT5G47840.1","-0.1576","0.5027"
"AT3G04790.1","-0.1571","0.5029"
"AT5G53460.1","-0.1563","0.5033"
"AT5G46800.1","-0.1541","0.5046"
"AT5G46430.1","0.153","0.5051"
"AT1G16470.1","-0.1512","0.5057"
"AT1G48830.1","0.1508","0.5061"
"AT3G61870.1","-0.1508","0.5077"
"AT3G43540.1","-0.1508","0.5077"
"AT5G54500.1","-0.1475","0.5091"
"AT4G10450.1","-0.1474","0.5091"
"AT1G77510.1","-0.1449","0.5104"
"ATCG00560.1","0.1447","0.5107"
"AT4G15510.1","0.1447","0.5107"
"AT2G30490.1","0.1447","0.5107"
"AT2G38540.1","0.1447","0.5107"
"AT5G08650.1","-0.1447","0.5125"
"AT1G14150.1","-0.1447","0.5125"
"AT1G63660.1","-0.1447","0.5125"
"sum220","-0.1402","0.5151"
"AT5G13030.1","0.1392","0.516"
"AT3G12930.1","0.1392","0.516"
"AT1G10370.1","-0.1392","0.517"
"AT1G52670.1","-0.1392","0.517"
"AT2G44050.1","0.1388","0.5175"
"sum8","0.1388","0.5175"
"AT3G06860.1","0.1388","0.5175"
"AT2G33255.1","0.1388","0.5175"
"AT5G49510.1","0.1388","0.5175"
"AT3G17930.1","0.1388","0.5175"
"AT3G12490.1","0.1388","0.5175"
"AT1G03870.1","0.1388","0.5175"
"AT1G17720.1","0.1388","0.5175"
"AT1G74230.1","0.1388","0.5175"
"AT3G59980.1","0.1388","0.5175"
"AT1G54990.1","0.1388","0.5175"
"AT3G63170.1","0.1388","0.5175"
"sum49","0.1388","0.5175"
"AT5G02120.1","0.1388","0.5175"
"AT5G23290.1","0.1388","0.5175"
"AT4G03190.1","0.1388","0.5175"
"sum56","0.1388","0.5175"
"AT5G47690.1","-0.1388","0.5232"
"AT4G29680.1","-0.1388","0.5232"
"AT4G13500.1","-0.1388","0.5232"
"ATCG00520.1","-0.1388","0.5232"
"AT4G27800.1","-0.1388","0.5232"
"AT4G35470.1","-0.1388","0.5232"
"AT2G47510.1","-0.1388","0.5232"
"AT5G48810.1","0.1387","0.5236"
"sum100","0.1383","0.5241"
"AT2G42520.1","0.1359","0.5255"
"AT5G54270.1","-0.135","0.5255"
"AT4G19710.2","0.135","0.5259"
"AT4G31530.1","0.1343","0.526"
"AT1G27970.1","0.1343","0.526"
"AT3G52730.1","0.1343","0.526"
"AT5G43830.1","-0.1343","0.5273"
"AT1G01800.1","-0.1343","0.5273"
"ATCG00750.1","-0.1343","0.5273"
"sum87","-0.1343","0.5273"
"AT3G45780.1","0.1339","0.5278"
"AT2G36580.1","-0.1326","0.5284"
"AT2G42590.1","-0.1323","0.5285"
"AT1G13280.1","0.1329","0.5286"
"AT2G21580.1","-0.1318","0.5288"
"AT5G08300.1","0.132","0.5292"
"AT2G47840.1","-0.131","0.5293"
"sum210","0.131","0.5294"
"sum34","-0.13","0.5297"
"AT3G59970.3","0.1304","0.5299"
"AT4G14800.1","0.1299","0.5301"
"AT3G63160.1","-0.1298","0.5312"
"AT3G15730.1","0.1289","0.5319"
"AT3G10920.1","0.1286","0.5322"
"AT3G05560.1","-0.1281","0.5323"
"AT2G26340.1","0.1256","0.5341"
"AT3G53580.1","0.1256","0.5341"
"AT2G41560.1","-0.1256","0.535"
"AT5G50850.1","-0.1243","0.5354"
"AT2G27680.1","-0.1243","0.5354"
"AT1G09130.1","0.1243","0.5357"
"AT5G19760.1","-0.1229","0.5361"
"AT1G35720.1","-0.1229","0.5361"
"AT5G60360.1","0.1226","0.5364"
"AT4G37925.1","0.1226","0.5364"
"AT2G21960.1","0.1226","0.5364"
"AT5G55230.1","0.1226","0.5364"
"AT3G47650.1","0.1226","0.5364"
"ATCG00330.1","0.1226","0.5364"
"AT3G25230.1","0.1226","0.5364"
"AT1G36390.1","0.1226","0.5364"
"AT1G26340.1","0.1226","0.5364"
"AT4G15630.1","0.1226","0.5364"
"AT5G44090.1","0.1226","0.5364"
"AT5G19370.1","-0.1226","0.5427"
"AT1G24180.1","-0.1226","0.5427"
"AT4G33350.1","-0.1226","0.5427"
"AT5G24650.1","-0.1226","0.5427"
"AT3G55250.1","-0.1226","0.5427"
"AT2G47240.1","-0.1226","0.5427"
"AT1G70770.1","-0.1226","0.5427"
"AT3G50685.1","-0.1226","0.5427"
"AT5G26667.1","-0.1226","0.5427"
"AT2G24050.1","-0.1226","0.5427"
"AT2G25670.1","-0.1226","0.5427"
"AT4G30530.1","-0.1218","0.5443"
"AT2G19480.1","-0.1218","0.5443"
"AT4G34450.1","-0.1214","0.5444"
"AT4G09000.1","-0.1214","0.5444"
"AT3G23810.1","0.1205","0.5449"
"sum59","-0.1201","0.5453"
"sum31","-0.1197","0.5454"
"sum31","-0.1197","0.5454"
"ATCG00680.1","-0.1196","0.5454"
"AT1G02560.1","0.1201","0.5455"
"AT1G64510.1","0.1183","0.5461"
"AT3G14110.1","-0.1183","0.5467"
"AT4G20260.1","-0.1183","0.5468"
"AT3G49110.1","0.1175","0.5473"
"AT1G26880.1","0.1175","0.5473"
"AT3G11910.1","0.1175","0.5473"
"AT3G15980.1","-0.1175","0.5473"
"AT1G79990.1","-0.1175","0.5473"
"AT2G05990.1","0.1161","0.548"
"ATCG00480.1","0.1158","0.5482"
"AT2G43100.1","0.1153","0.5483"
"AT5G02870.1","0.1153","0.5483"
"AT3G24190.1","-0.1151","0.5492"
"AT3G16420.1","-0.1151","0.5492"
"AT3G49470.1","-0.1151","0.5492"
"AT5G14320.1","0.1147","0.5498"
"AT3G02780.1","0.1143","0.5502"
"sum23","0.1129","0.5507"
"AT5G57870.1","0.112","0.551"
"AT2G44650.1","-0.112","0.5514"
"AT3G23490.1","-0.112","0.5514"
"AT1G11430.1","-0.112","0.5514"
"AT3G57410.1","-0.1114","0.5515"
"AT1G67280.1","0.1112","0.5521"
"AT5G14030.1","0.1111","0.5521"
"AT4G35360.1","0.1111","0.5521"
"AT5G01010.1","0.1111","0.5521"
"AT5G52970.1","0.1111","0.5521"
"AT1G30380.1","0.1111","0.5521"
"AT1G72170.1","0.1111","0.5521"
"sum99","0.1111","0.5521"
"AT5G17380.1","0.1111","0.5521"
"AT3G07460.1","0.1111","0.5521"
"ATCG00180.1","-0.1111","0.5576"
"AT3G10740.1","-0.1111","0.5576"
"AT1G14250.1","-0.1111","0.5576"
"AT2G21280.1","-0.1111","0.5576"
"AT5G16400.1","-0.1111","0.5576"
"AT3G15840.1","-0.1111","0.5576"
"AT5G45620.1","-0.1111","0.5576"
"AT1G16880.1","-0.1102","0.5579"
"AT5G14590.1","-0.1097","0.558"
"AT3G14310.1","0.1097","0.5583"
"ATCG00160.1","0.1092","0.5587"
"AT5G55730.1","0.1092","0.5587"
"AT3G63490.1","-0.1078","0.5599"
"AT3G11940.1","-0.1072","0.5601"
"AT1G06950.1","0.1078","0.5602"
"AT3G47370.1","0.1072","0.5603"
"AT5G51820.1","0.1069","0.5604"
"AT1G09750.1","-0.1065","0.5609"
"AT4G26530.1","0.1059","0.5613"
"AT4G15000.1","0.1054","0.5617"
"AT2G22170.1","-0.1046","0.5617"
"AT4G02510.1","0.1045","0.562"
"ATCG00790.1","-0.104","0.5626"
"AT1G14980.1","0.1024","0.5635"
"AT5G47210.1","0.1024","0.5635"
"AT3G62750.1","0.1024","0.5635"
"AT1G04430.1","0.1024","0.5635"
"AT5G16840.1","0.1024","0.5635"
"AT1G79870.1","0.1024","0.5635"
"AT5G38520.1","0.1024","0.5635"
"AT4G39460.1","-0.1024","0.5671"
"AT5G20090.1","-0.1024","0.5671"
"AT1G31860.1","-0.1024","0.5671"
"AT4G34490.1","-0.1024","0.5671"
"AT5G44650.1","-0.1024","0.5671"
"AT1G18730.1","-0.1024","0.5671"
"AT5G08050.1","-0.1024","0.5671"
"AT1G55480.1","-0.1024","0.5673"
"AT5G40950.1","-0.1024","0.5673"
"sum212","-0.0999","0.5687"
"sum60","0.0997","0.569"
"AT3G56650.1","0.0994","0.5691"
"AT2G05840.1","0.0981","0.5702"
"AT4G34120.1","0.0973","0.5705"
"AT1G17745.1","-0.097","0.5707"
"AT2G30860.1","0.0963","0.5713"
"AT1G80560.1","0.0962","0.5713"
"AT5G64460.1","0.0954","0.5715"
"AT1G76100.1","0.0954","0.5715"
"AT4G04910.1","0.0954","0.5715"
"AT5G42130.1","0.0954","0.5715"
"AT3G53110.1","0.0954","0.5715"
"AT5G44110.1","0.0954","0.5715"
"AT1G12520.1","0.0954","0.5715"
"AT1G26850.1","0.0954","0.5715"
"AT5G41950.1","-0.0954","0.5751"
"AT1G72750.1","-0.0954","0.5751"
"AT3G04290.1","-0.0954","0.5751"
"AT2G45770.1","-0.0954","0.5751"
"AT5G37510.1","-0.0934","0.5766"
"AT4G27090.1","-0.0927","0.5768"
"sum124","-0.0926","0.5769"
"AT1G56500.1","-0.0915","0.5777"
"AT5G16130.1","0.0909","0.5782"
"AT2G45740.1","0.0897","0.5788"
"AT4G33250.1","0.0897","0.5788"
"AT5G42765.1","0.0897","0.5788"
"AT5G17560.1","0.0897","0.5788"
"AT3G46000.1","0.0897","0.5788"
"AT3G57050.1","0.0897","0.5788"
"AT2G04780.1","-0.0897","0.5816"
"sum116","0.0882","0.5824"
"AT5G06600.1","0.0863","0.5839"
"AT3G22230.1","0.0863","0.5839"
"AT5G40370.1","0.0848","0.585"
"AT2G19940.1","0.0848","0.585"
"AT4G29670.1","0.0848","0.585"
"AT2G42910.1","0.0848","0.585"
"AT3G52230.1","0.0848","0.585"
"AT2G33450.1","0.0848","0.585"
"AT5G20500.1","-0.0848","0.5872"
"AT4G24930.1","-0.0848","0.5872"
"AT3G43520.1","-0.0848","0.5872"
"AT1G26220.1","-0.0848","0.5872"
"AT1G66970.1","0.0843","0.5877"
"AT2G25080.1","0.0837","0.588"
"AT5G51100.1","0.0806","0.5901"
"AT5G47030.1","0.0806","0.5901"
"AT2G17265.1","0.0806","0.5901"
"AT2G46280.1","0.0806","0.5901"
"AT2G24090.1","-0.0806","0.5924"
"AT2G18110.1","0.0788","0.5937"
"AT2G47730.1","-0.0782","0.5937"
"AT3G06720.1","-0.078","0.594"
"AT4G25080.1","-0.077","0.5945"
"AT5G07020.1","0.077","0.5947"
"AT3G15360.1","0.077","0.5947"
"AT3G49720.1","-0.077","0.5964"
"sum66","-0.077","0.5964"
"AT1G22450.1","-0.077","0.5964"
"AT3G29320.1","0.0767","0.5967"
"AT3G55440.1","0.0766","0.5967"
"AT1G12000.1","-0.0762","0.5968"
"AT5G66510.1","-0.0758","0.5971"
"AT1G27450.1","-0.0753","0.5972"
"AT2G44060.1","0.0747","0.5975"
"AT4G17170.1","-0.0738","0.5988"
"AT5G64940.1","-0.0738","0.5988"
"AT3G07390.1","-0.0738","0.5988"
"AT5G20630.1","0.0736","0.599"
"AT1G22410.1","-0.0735","0.599"
"AT1G16340.1","-0.0735","0.599"
"AT1G23820.1","-0.0723","0.5996"
"sum65","-0.072","0.5997"
"AT2G30200.1","0.0716","0.6"
"AT2G28900.1","-0.0716","0.6"
"AT1G76080.1","0.0706","0.6018"
"ATCG00470.1","-0.0702","0.602"
"AT1G78370.1","-0.0702","0.602"
"sum143","0.0703","0.6021"
"AT3G47520.1","-0.069","0.6027"
"AT1G62390.1","0.0683","0.6031"
"AT3G60820.1","0.0683","0.6031"
"AT3G01120.1","0.0683","0.6031"
"sum107","-0.0683","0.6042"
"AT5G49030.1","-0.0683","0.6042"
"AT5G58290.1","0.0678","0.6047"
"AT1G07890.1","-0.0661","0.6054"
"sum80","0.066","0.6057"
"sum15","-0.0653","0.607"
"AT4G12060.1","-0.0652","0.6073"
"AT1G64190.1","0.0644","0.6079"
"AT1G43560.1","0.0638","0.6082"
"ATCG00420.1","-0.0638","0.6093"
"AT4G37000.1","-0.0638","0.6093"
"AT3G14930.1","-0.0638","0.6093"
"AT1G22300.1","0.0634","0.6097"
"AT1G15930.1","-0.0627","0.6099"
"AT1G51110.1","0.0618","0.6104"
"AT3G18420.1","-0.0618","0.6111"
"AT2G23600.1","-0.0618","0.6111"
"AT1G17220.1","0.06","0.6118"
"AT5G54160.1","-0.06","0.6124"
"AT2G35040.1","-0.06","0.6124"
"AT5G15200.1","-0.0594","0.6127"
"AT3G02560.1","0.0593","0.6128"
"AT3G04920.1","-0.0576","0.6144"
"AT5G18660.1","-0.0568","0.616"
"AT1G23740.1","0.0567","0.6162"
"AT3G03780.1","-0.056","0.6164"
"AT1G32990.1","0.0557","0.6166"
"AT4G17040.1","-0.0553","0.6175"
"AT3G16470.1","-0.0553","0.6175"
"sum91","-0.0553","0.6175"
"AT3G18190.1","-0.0553","0.6175"
"AT1G76160.1","-0.0547","0.6176"
"AT3G16640.1","-0.054","0.6178"
"AT5G15090.1","-0.0539","0.6186"
"sum96","0.0531","0.619"
"AT5G54770.1","0.053","0.619"
"AT3G10060.1","-0.0526","0.6193"
"AT3G16240.1","0.0519","0.6199"
"AT5G67500.1","-0.0514","0.6201"
"AT4G11010.1","-0.0514","0.6201"
"AT3G12290.1","0.0503","0.6208"
"AT5G63400.1","-0.0503","0.621"
"AT2G42210.1","-0.0503","0.621"
"AT3G49870.1","0.0493","0.6217"
"AT1G30580.1","0.0492","0.6217"
"AT3G02080.1","0.0488","0.6224"
"AT3G59780.1","0.0462","0.6245"
"AT3G06050.1","-0.0453","0.6255"
"AT2G20260.1","0.0449","0.6258"
"AT1G48350.1","0.0445","0.626"
"AT4G29350.1","0.0445","0.626"
"AT1G20630.1","-0.044","0.6265"
"AT1G09780.1","-0.0435","0.6271"
"AT1G03860.1","0.0432","0.6274"
"sum131","0.0429","0.6276"
"AT5G03880.1","-0.0429","0.6277"
"AT2G27860.1","-0.0414","0.6286"
"AT2G24020.1","0.0412","0.6289"
"AT4G27700.1","0.0401","0.6295"
"AT3G02870.1","-0.0401","0.6296"
"AT1G17880.1","0.0388","0.6306"
"AT3G29360.1","0.0379","0.6313"
"AT2G47390.1","0.0376","0.6314"
"AT5G27770.1","0.0359","0.6326"
"AT1G74970.1","-0.0355","0.6326"
"AT1G79040.1","0.0355","0.6327"
"AT4G24190.1","-0.035","0.633"
"AT1G78870.2","-0.0348","0.6331"
"AT3G02630.1","-0.0344","0.6335"
"AT2G20450.1","-0.033","0.6343"
"AT3G25920.1","0.0332","0.6344"
"AT1G09340.1","0.0322","0.635"
"AT1G53850.1","0.0318","0.6353"
"AT1G16890.2","-0.03","0.6358"
"AT5G16440.1","-0.0298","0.636"
"AT5G11520.1","-0.0257","0.6378"
"AT1G79750.1","-0.0257","0.6378"
"AT4G01310.1","-0.0244","0.6383"
"AT2G43030.1","-0.024","0.6386"
"AT5G13510.1","-0.023","0.639"
"AT3G26070.1","0.0217","0.6396"
"AT4G04640.1","0.0207","0.64"
"AT4G35260.1","0.02","0.6402"
"AT5G13850.1","0.0188","0.6406"
"sum43","-0.0179","0.6408"
"AT1G42970.1","0.0181","0.6409"
"AT1G32470.1","-0.0151","0.6415"
"AT2G44120.1","0.0162","0.6416"
"AT5G58140.1","0.0139","0.6422"
"AT5G28060.1","0.013","0.6424"
"AT3G46830.1","0.012","0.6427"
"AT1G56070.1","-0.0092","0.6433"
"AT1G25490.1","-0.0052","0.6442"
"sum75","-0.0043","0.6445"
"sum5","-0.0034","0.6446"
"AT2G42600.1","-0.0011","0.6447"
"AT3G46780.1","0","0.6449"
"AT1G23190.1","0","0.6449"
"AT3G44890.1","0","0.6449"
"AT5G13650.1","0","0.6449"
"sum24","0","0.6449"
"AT2G33800.1","0","0.6449"
"AT3G48110.1","0","0.6449"
"AT5G19820.1","0","0.6449"
"ATCG00730.1","0","0.6449"
"AT3G63540.1","0","0.6449"
"AT1G71220.1","0","0.6449"
"AT5G65620.1","0","0.6449"
"AT4G32470.1","0","0.6449"
"AT1G31180.1","0","0.6449"
"AT3G58730.1","0","0.6449"
"AT5G20890.1","0","0.6449"
"AT2G20610.1","0","0.6449"
"AT3G20050.1","0","0.6449"
"AT4G28440.1","0","0.6449"
"AT5G47700.1","0","0.6449"
"AT4G00810.1","0","0.6449"
"AT5G27470.1","0","0.6449"
"AT4G34090.1","0","0.6449"
"AT1G45474.1","0","0.6449"
"AT4G35630.1","0","0.6449"
"AT1G17050.1","0","0.6449"
"AT1G63970.1","0","0.6449"
"AT5G12040.1","0","0.6449"
"AT3G02760.1","0","0.6449"
"AT5G08530.1","0","0.6449"
"AT3G55610.1","0","0.6449"
"AT1G54630.1","0","0.6449"
"sum90","0","0.6449"
"AT1G31800.1","0","0.6449"
"AT1G12240.1","0","0.6449"
"AT4G19410.1","0","0.6449"
"AT4G16450.1","0","0.6449"
"AT4G24330.1","0","0.6449"
"AT3G53130.1","0","0.6449"
"AT3G27160.1","0","0.6449"
"AT3G46010.1","0","0.6449"
"AT4G22930.1","0","0.6449"
"AT3G16780.1","0","0.6449"
"AT2G38550.1","0","0.6449"
"AT5G64130.1","0","0.6449"
"AT1G30530.1","0","0.6449"
"AT3G51820.1","0","0.6449"
"AT3G07720.1","0","0.6449"
"AT4G00860.1","0","0.6449"
"AT5G19620.1","0","0.6449"
"AT1G53580.1","0","0.6449"
"AT2G17380.1","0","0.6449"
"AT3G42170.1","0","0.6449"
"AT1G01170.1","0","0.6449"
"AT1G53520.1","0","0.6449"
"AT1G56580.1","0","0.6449"
"AT3G54960.1","0","0.6449"
"AT1G79280.1","0","0.6449"
"AT4G30810.1","0","0.6449"
"sum103","0","0.6449"
"AT1G73600.1","0","0.6449"
"AT2G04700.1","0","0.6449"
"AT1G51690.1","0","0.6449"
"AT3G26570.1","0","0.6449"
"AT5G58060.1","0","0.6449"
"AT1G35420.1","0","0.6449"
"AT4G04770.1","0","0.6449"
"AT5G43960.1","0","0.6449"
"AT3G54110.1","0","0.6449"
"AT3G57260.1","0","0.6449"
"AT5G57020.1","0","0.6449"
"AT2G36145.1","0","0.6449"
"AT1G52760.1","0","0.6449"
"AT4G16370.1","0","0.6449"
"AT2G17980.1","0","0.6449"
"AT5G26710.1","0","0.6449"
"AT4G03080.1","0","0.6449"
"AT2G40380.1","0","0.6449"
"AT1G13270.1","0","0.6449"
"AT4G38100.1","0","0.6449"
"AT3G08010.1","0","0.6449"
"AT3G17240.1","0","0.6449"
"AT1G49670.1","0","0.6449"
"sum88","0","0.6449"
"AT1G30470.1","0","0.6449"
"AT5G56260.1","0","0.6449"
"AT1G07440.1","0","0.6449"
"AT3G16460.1","0","0.6449"
"AT1G67350.1","0","0.6449"
"AT1G10360.1","0","0.6449"
"AT4G37870.1","0","0.6449"
"AT1G04690.1","0","0.6449"
"AT2G17560.1","0","0.6449"
"AT1G33680.1","0","0.6449"
"AT3G20820.1","0","0.6449"
"AT5G05740.1","0","0.6449"
"AT2G40730.1","0","0.6449"
"AT5G53140.1","0","0.6449"
"AT3G18860.1","0","0.6449"
"AT4G02840.1","0","0.6449"
"AT4G21860.1","0","0.6449"
"AT3G11700.1","0","0.6449"
"AT2G39900.1","0","0.6449"
"AT3G51240.1","0","0.6449"
"AT2G35630.1","0","0.6449"
"AT5G52440.1","0","0.6449"
"AT2G25840.1","0","0.6449"
"AT4G26670.1","0","0.6449"
"AT1G75690.1","0","0.6449"
"AT1G64980.1","0","0.6449"
"AT1G62740.1","0","0.6449"
"AT5G45170.1","0","0.6449"
"AT3G57280.1","0","0.6449"
"AT4G10000.1","0","0.6449"
"AT3G14840.2","0","0.6449"
"AT3G56130.1","0","0.6449"
"AT3G25660.1","0","0.6449"
"AT5G15970.1","0","0.6449"
"AT2G27290.1","0","0.6449"
"AT1G61790.1","0","0.6449"
"AT5G55160.1","0","0.6449"
"AT2G44310.1","0","0.6449"
"AT5G23900.1","0","0.6449"
"AT5G40480.1","0","0.6449"
"AT3G52180.1","0","0.6449"
"ATCG00630.1","0","0.6449"
"AT3G18600.1","0","0.6449"
"AT3G10690.1","0","0.6449"
"AT1G27310.1","0","0.6449"
"AT3G01680.1","0","0.6449"
"AT4G28780.1","0","0.6449"
"AT3G15690.2","0","0.6449"
"AT3G04720.1","0","0.6449"
"AT4G14160.1","0","0.6449"
"AT3G17940.1","0","0.6449"
"AT4G12590.1","0","0.6449"
"AT5G11770.1","0","0.6449"
"AT5G11720.1","0","0.6449"
"AT4G23940.1","0","0.6449"
"AT5G39210.1","0","0.6449"
"AT2G36130.1","0","0.6449"
"AT2G13440.1","0","0.6449"
"AT1G67140.1","0","0.6449"
"AT5G42070.1","0","0.6449"
"AT1G48410.1","0","0.6449"
"AT5G57950.1","0","0.6449"
"AT5G43430.1","0","0.6449"
"AT3G61200.1","0","0.6449"
"AT1G21250.1","0","0.6449"
"AT1G29850.1","0","0.6449"
"AT3G55620.1","0","0.6449"
"AT5G06390.1","0","0.6449"
"AT4G34180.1","0","0.6449"
"AT3G04780.1","0","0.6449"
"AT4G28025.1","0","0.6449"
"AT5G49360.1","0","0.6449"
"AT3G47810.1","0","0.6449"
"AT3G07160.1","0","0.6449"
"AT1G76550.1","0","0.6449"
"AT1G13900.1","0","0.6449"
"AT2G13560.1","0","0.6449"
"AT3G16810.1","0","0.6449"
"AT1G60000.1","0","0.6449"
"AT5G17420.1","0","0.6449"
"AT4G30950.1","0","0.6449"
"AT1G11890.1","0","0.6449"
"sum121","0","0.6449"
"AT3G02260.1","0","0.6449"
"AT3G54760.1","0","0.6449"
"AT3G53180.1","0","0.6449"
"AT4G28706.2","0","0.6449"
"AT5G48790.1","0","0.6449"
"AT4G32915.1","0","0.6449"
"AT5G64030.1","0","0.6449"
"AT2G27960.1","0","0.6449"
"AT1G14830.1","0","0.6449"
"AT4G11820.1","0","0.6449"
"AT2G27450.1","0","0.6449"
"AT3G60340.1","0","0.6449"
"AT3G62550.1","0","0.6449"
"AT2G41950.1","0","0.6449"
"AT1G18640.2","0","0.6449"
"AT4G01100.1","0","0.6449"
"AT3G13160.1","0","0.6449"
"AT4G19006.1","0","0.6449"
"AT3G27380.1","0","0.6449"
"AT4G17260.1","0","0.6449"
"AT3G53890.1","0","0.6449"
"AT3G59600.1","0","0.6449"
"AT5G15910.1","0","0.6449"
"AT1G29700.1","0","0.6449"
"AT1G10830.1","0","0.6449"
"AT5G02890.1","0","0.6449"
"AT4G37270.1","0","0.6449"
"AT1G49430.1","0","0.6449"
"AT5G19855.1","0","0.6449"
"AT5G36890.1","0","0.6449"
"AT5G12370.1","0","0.6449"
"AT5G60720.1","0","0.6449"
"AT5G20950.1","0","0.6449"
"AT5G39830.1","0","0.6449"
"AT2G31170.1","0","0.6449"
"AT3G25150.1","0","0.6449"
"AT3G16290.1","0","0.6449"
"AT4G18370.1","0","0.6449"
"AT5G53170.1","0","0.6449"
"AT3G61111.1","0","0.6449"
"AT4G14430.1","0","0.6449"
"AT2G14120.1","0","0.6449"
"AT4G03550.1","0","0.6449"
"AT3G07050.1","0","0.6449"
"AT4G17520.1","0","0.6449"
"AT4G38200.1","0","0.6449"
"AT4G32930.1","0","0.6449"
"AT3G54840.1","0","0.6449"
"AT3G04610.1","0","0.6449"
"AT5G11900.1","0","0.6449"
"AT1G50380.1","0","0.6449"
"AT5G15610.1","0","0.6449"
"AT5G27700.1","0","0.6449"
"AT4G33625.1","0","0.6449"
"AT1G50170.1","0","0.6449"
"AT1G56110.1","0","0.6449"
"AT3G52720.1","0","0.6449"
"AT5G42190.1","0","0.6449"
"AT2G32920.1","0","0.6449"
"AT5G04885.1","0","0.6449"
"AT2G23420.1","0","0.6449"
"AT1G72160.1","0","0.6449"
"AT1G51710.1","0","0.6449"
"AT1G27030.1","0","0.6449"
"sum55","0","0.6449"
"AT4G13170.1","0","0.6449"
"AT5G05470.1","0","0.6449"
"AT3G23820.1","0","0.6449"
"AT4G22670.1","0","0.6449"
"AT5G28750.1","0","0.6449"
"AT2G45540.1","0","0.6449"
"AT1G09010.1","0","0.6449"
"AT1G27385.1","0","0.6449"
"AT5G40930.1","0","0.6449"
"AT1G65410.1","0","0.6449"
"AT3G17970.1","0","0.6449"
"AT3G19900.1","0","0.6449"
"AT5G53540.1","0","0.6449"
"AT4G26860.1","0","0.6449"
"AT5G19850.1","0","0.6449"
"AT2G41090.1","0","0.6449"
"AT2G35810.1","0","0.6449"
"AT4G04610.1","0","0.6449"
"AT4G30270.1","0","0.6449"
"AT1G12920.1","0","0.6449"
"AT3G28200.1","0","0.6449"
"AT4G37660.1","0","0.6449"
"AT1G07700.1","0","0.6449"
"AT4G29590.1","0","0.6449"
"AT3G10050.1","0","0.6449"
"ATCG01010.1","0","0.6449"
"AT3G15000.1","0","0.6449"
"AT1G01050.1","0","0.6449"
"AT5G55610.1","0","0.6449"
"AT4G00660.1","0","0.6449"
"AT1G73650.1","0","0.6449"
"AT1G65540.1","0","0.6449"
"AT1G64850.1","0","0.6449"
"AT3G54600.1","0","0.6449"
"AT4G39090.1","0","0.6449"
"AT3G52370.1","0","0.6449"
"AT4G17330.1","0","0.6449"
"AT1G65440.1","0","0.6449"
"AT5G56740.1","0","0.6449"
"AT5G47010.1","0","0.6449"
"sum136","0","0.6449"
"AT2G16485.1","0","0.6449"
"AT2G34680.1","0","0.6449"
"AT3G27310.1","0","0.6449"
"AT3G11964.1","0","0.6449"
"AT4G33640.1","0","0.6449"
"AT1G65010.1","0","0.6449"
"AT4G29830.1","0","0.6449"
"AT5G01730.1","0","0.6449"
"sum68","0","0.6449"
"AT1G15730.1","0","0.6449"
"AT1G05385.1","0","0.6449"
"AT1G04640.1","0","0.6449"
"AT1G20440.1","0","0.6449"
"AT3G47000.1","0","0.6449"
"AT3G51550.1","0","0.6449"
"AT3G60830.1","0","0.6449"
"AT4G14110.1","0","0.6449"
"AT1G51805.1","0","0.6449"
"AT1G52340.1","0","0.6449"
"AT3G13720.1","0","0.6449"
"AT1G32160.1","0","0.6449"
"AT5G41970.1","0","0.6449"
"AT5G64580.1","0","0.6449"
"AT2G47400.1","0","0.6449"
"AT1G70070.1","0","0.6449"
"AT3G25480.1","0","0.6449"
"AT4G28660.1","0","0.6449"
"AT1G11930.1","0","0.6449"
"sum48","0","0.6449"
"AT3G07680.1","0","0.6449"
"AT2G02390.1","0","0.6449"
"AT3G56110.1","0","0.6449"
"AT3G60440.1","0","0.6449"
"AT1G24460.1","0","0.6449"
"AT5G12110.1","0","0.6449"
"AT2G37860.1","0","0.6449"
"AT1G66520.1","0","0.6449"
"AT4G13670.1","0","0.6449"
"AT1G78140.1","0","0.6449"
"AT2G40300.1","0","0.6449"
"AT2G17120.1","0","0.6449"
"AT2G17840.1","0","0.6449"
"AT1G53840.1","0","0.6449"
"AT4G24550.1","0","0.6449"
"AT2G37040.1","0","0.6449"
"AT5G04230.1","0","0.6449"
"AT2G42710.1","0","0.6449"
"AT3G54090.1","0","0.6449"
"AT4G24680.1","0","0.6449"
"AT2G42610.1","0","0.6449"
"AT5G20570.1","0","0.6449"
"AT4G13590.1","0","0.6449"
"AT4G31040.1","0","0.6449"
"AT2G25870.1","0","0.6449"
"AT3G62910.1","0","0.6449"
"AT1G10510.1","0","0.6449"
"AT3G60210.1","0","0.6449"
"AT1G06130.1","0","0.6449"
"AT1G32440.1","0","0.6449"
"sum123","0","0.6449"
"AT3G05420.1","0","0.6449"
"AT1G07110.1","0","0.6449"
"AT4G23650.1","0","0.6449"
"AT4G05160.1","0","0.6449"
"AT1G76850.1","0","0.6449"
"AT4G03560.1","0","0.6449"
"AT5G11490.1","0","0.6449"
"AT2G26780.1","0","0.6449"
"AT4G10120.1","0","0.6449"
"AT5G13360.1","0","0.6449"
"AT2G24180.1","0","0.6449"
"AT1G60420.1","0","0.6449"
"AT2G45810.1","0","0.6449"
"AT1G62630.1","0","0.6449"
"AT1G31730.1","0","0.6449"
"AT5G11340.1","0","0.6449"
"AT5G57440.1","0","0.6449"
"AT1G22270.1","0","0.6449"
"AT3G61050.1","0","0.6449"
"AT1G26460.1","0","0.6449"
"AT2G17930.1","0","0.6449"
"AT5G44070.1","0","0.6449"
"AT3G22480.1","0","0.6449"
"AT2G47250.1","0","0.6449"
"AT1G47490.1","0","0.6449"
"AT5G55850.1","0","0.6449"
"AT1G52600.1","0","0.6449"
"AT1G51160.1","0","0.6449"
"AT3G27960.1","0","0.6449"
"AT5G61140.1","0","0.6449"
"AT4G14090.1","0","0.6449"
"AT1G05560.1","0","0.6449"
"AT5G11040.1","0","0.6449"
"AT3G13845.1","0","0.6449"
"AT1G21380.1","0","0.6449"
"AT1G74100.1","0","0.6449"
"AT5G55660.1","0","0.6449"
"AT4G20760.1","0","0.6449"
"AT2G26140.1","0","0.6449"
"AT5G39410.1","0","0.6449"
"AT2G11890.1","0","0.6449"
"AT2G21060.1","0","0.6449"
"AT1G78060.1","0","0.6449"
"AT2G38740.1","0","0.6449"
"AT1G58270.1","0","0.6449"
"AT5G07460.1","0","0.6449"
"AT3G46510.1","0","0.6449"
"AT5G11950.1","0","0.6449"
"AT4G07390.1","0","0.6449"
"AT5G59950.1","0","0.6449"
"AT5G51120.1","0","0.6449"
"AT5G08160.1","0","0.6449"
"AT4G37210.1","0","0.6449"
"AT1G52730.1","0","0.6449"
"AT5G67370.1","0","0.6449"
"AT3G07230.1","0","0.6449"
"AT3G01060.1","0","0.6449"
"AT1G79790.1","0","0.6449"
"AT1G74030.1","0","0.6449"
"AT4G11980.1","0","0.6449"
"AT4G38225.1","0","0.6449"
"AT5G63100.1","0","0.6449"
"AT2G20860.1","0","0.6449"
"AT2G45640.1","0","0.6449"
"AT5G43280.1","0","0.6449"
"AT3G02770.1","0","0.6449"
"AT3G28860.1","0","0.6449"
"AT5G03040.1","0","0.6449"
"AT5G08080.1","0","0.6449"
"AT2G30105.1","0","0.6449"
"AT5G08380.1","0","0.6449"
"AT1G67490.1","0","0.6449"
"AT1G01910.1","0","0.6449"
"AT5G62740.1","0","0.6449"
"AT4G16500.1","0","0.6449"
"AT1G49510.1","0","0.6449"
"AT1G55450.1","0","0.6449"
"AT5G01400.1","0","0.6449"
"AT5G10730.1","0","0.6449"
"AT4G30550.1","0","0.6449"
"AT1G20050.1","0","0.6449"
"AT5G48180.1","0","0.6449"
"AT1G04260.1","0","0.6449"
"AT5G64440.1","0","0.6449"
"AT4G32590.1","0","0.6449"
"AT3G19420.1","0","0.6449"
"AT1G64090.1","0","0.6449"
"AT1G28490.1","0","0.6449"
"AT3G15610.1","0","0.6449"
"AT5G54750.1","0","0.6449"
"AT3G10220.1","0","0.6449"
"AT4G01290.1","0","0.6449"
"AT5G13560.1","0","0.6449"
"AT5G35570.1","0","0.6449"
"AT1G27930.1","0","0.6449"
"AT5G11580.1","0","0.6449"
"AT2G38410.1","0","0.6449"
"AT4G19490.1","0","0.6449"
"AT1G51510.1","0","0.6449"
"AT4G27270.1","0","0.6449"
"AT3G18000.1","0","0.6449"
"AT2G36850.1","0","0.6449"
